subset,steerability,dimension,n,mean_severity,max_severity,pct_nonzero
full,ANTI-STEERED,factual_drift,66,0.0909,4,3.03
full,ANTI-STEERED,monotonic_factual_scaling,66,0.0,0,0.0
full,ANTI-STEERED,hallucinated_specificity,66,0.0,0,0.0
full,ANTI-STEERED,factual_reversal,66,1.0606,5,21.21
full,ANTI-STEERED,label_content_contradiction,66,1.4394,5,31.82
full,ANTI-STEERED,option_label_mismatch,66,1.6515,5,39.39
full,ANTI-STEERED,repetition_looping,66,0.0758,5,1.52
full,ANTI-STEERED,sensitivity_refusal,66,0.2879,5,7.58
full,ANTI-STEERED,logit_text_decoupling,66,0.0,0,0.0
full,ANTI-STEERED,steering_asymmetry,66,3.5,5,89.39
full,ANTI-STEERED,safety_override_resistance,66,0.3788,5,7.58
full,ANTI-STEERED,inverse_logit_polarity,66,1.9091,5,51.52
full,ANTI-STEERED,token_compression,66,0.3636,5,12.12
full,ANTI-STEERED,token_inflation,66,1.0606,5,27.27
full,ANTI-STEERED,implicit_assumption_injection,66,0.0,0,0.0
full,ANTI-STEERED,neutralization_rephrasing,66,0.2273,5,6.06
full,ANTI-STEERED,hedging_escalation,66,0.2273,5,6.06
full,ANTI-STEERED,persona_amplification,66,0.5455,5,18.18
full,ANTI-STEERED,tonal_rigidity,66,0.4394,5,16.67
full,MODERATE,factual_drift,3519,0.1469,4,5.6
full,MODERATE,monotonic_factual_scaling,3519,0.0168,3,0.65
full,MODERATE,hallucinated_specificity,3519,0.0997,5,3.55
full,MODERATE,factual_reversal,3519,0.896,5,26.6
full,MODERATE,label_content_contradiction,3519,0.3143,5,9.83
full,MODERATE,option_label_mismatch,3519,0.5777,5,21.06
full,MODERATE,repetition_looping,3519,0.1543,5,4.23
full,MODERATE,sensitivity_refusal,3519,0.3743,5,11.62
full,MODERATE,logit_text_decoupling,3519,0.0,0,0.0
full,MODERATE,steering_asymmetry,3519,3.1844,5,99.55
full,MODERATE,safety_override_resistance,3519,0.0352,5,0.8
full,MODERATE,inverse_logit_polarity,3519,1.0486,5,38.73
full,MODERATE,token_compression,3519,0.3373,5,11.79
full,MODERATE,token_inflation,3519,0.996,5,29.13
full,MODERATE,implicit_assumption_injection,3519,0.0705,5,2.5
full,MODERATE,neutralization_rephrasing,3519,0.6351,5,20.15
full,MODERATE,hedging_escalation,3519,0.6371,5,19.64
full,MODERATE,persona_amplification,3519,1.0983,5,35.01
full,MODERATE,tonal_rigidity,3519,1.2211,5,47.74
full,NONE,factual_drift,837,0.0,0,0.0
full,NONE,monotonic_factual_scaling,837,0.0,0,0.0
full,NONE,hallucinated_specificity,837,0.0048,2,0.36
full,NONE,factual_reversal,837,0.0,0,0.0
full,NONE,label_content_contradiction,837,0.0,0,0.0
full,NONE,option_label_mismatch,837,0.0143,5,0.72
full,NONE,repetition_looping,837,0.0454,5,0.96
full,NONE,sensitivity_refusal,837,0.0,0,0.0
full,NONE,logit_text_decoupling,837,1.7145,5,34.29
full,NONE,steering_asymmetry,837,0.1004,5,6.33
full,NONE,safety_override_resistance,837,0.2748,5,5.5
full,NONE,inverse_logit_polarity,837,1.3955,5,33.21
full,NONE,token_compression,837,0.0335,5,1.79
full,NONE,token_inflation,837,0.1637,5,7.53
full,NONE,implicit_assumption_injection,837,0.0048,2,0.36
full,NONE,neutralization_rephrasing,837,0.0012,1,0.12
full,NONE,hedging_escalation,837,0.0191,3,1.08
full,NONE,persona_amplification,837,0.037,3,2.39
full,NONE,tonal_rigidity,837,0.0191,2,1.08
full,STRONG,factual_drift,3562,0.3436,5,8.96
full,STRONG,monotonic_factual_scaling,3562,0.0716,5,2.02
full,STRONG,hallucinated_specificity,3562,0.3459,5,8.23
full,STRONG,factual_reversal,3562,3.055,5,62.86
full,STRONG,label_content_contradiction,3562,0.2625,5,6.26
full,STRONG,option_label_mismatch,3562,0.3644,5,11.12
full,STRONG,repetition_looping,3562,0.8481,5,19.51
full,STRONG,sensitivity_refusal,3562,0.3591,5,7.86
full,STRONG,logit_text_decoupling,3562,0.0,0,0.0
full,STRONG,steering_asymmetry,3562,3.8697,5,93.04
full,STRONG,safety_override_resistance,3562,0.0463,5,0.93
full,STRONG,inverse_logit_polarity,3562,0.9506,5,33.49
full,STRONG,token_compression,3562,0.3916,5,10.81
full,STRONG,token_inflation,3562,1.4809,5,33.49
full,STRONG,implicit_assumption_injection,3562,0.2386,5,5.59
full,STRONG,neutralization_rephrasing,3562,0.301,5,7.1
full,STRONG,hedging_escalation,3562,0.3717,5,8.76
full,STRONG,persona_amplification,3562,0.8459,5,20.86
full,STRONG,tonal_rigidity,3562,0.7948,5,24.73
full,UNMEASURABLE,factual_drift,1,0.0,0,0.0
full,UNMEASURABLE,monotonic_factual_scaling,1,0.0,0,0.0
full,UNMEASURABLE,hallucinated_specificity,1,0.0,0,0.0
full,UNMEASURABLE,factual_reversal,1,0.0,0,0.0
full,UNMEASURABLE,label_content_contradiction,1,0.0,0,0.0
full,UNMEASURABLE,option_label_mismatch,1,0.0,0,0.0
full,UNMEASURABLE,repetition_looping,1,0.0,0,0.0
full,UNMEASURABLE,sensitivity_refusal,1,0.0,0,0.0
full,UNMEASURABLE,logit_text_decoupling,1,0.0,0,0.0
full,UNMEASURABLE,steering_asymmetry,1,0.0,0,0.0
full,UNMEASURABLE,safety_override_resistance,1,5.0,5,100.0
full,UNMEASURABLE,inverse_logit_polarity,1,0.0,0,0.0
full,UNMEASURABLE,token_compression,1,0.0,0,0.0
full,UNMEASURABLE,token_inflation,1,0.0,0,0.0
full,UNMEASURABLE,implicit_assumption_injection,1,0.0,0,0.0
full,UNMEASURABLE,neutralization_rephrasing,1,0.0,0,0.0
full,UNMEASURABLE,hedging_escalation,1,0.0,0,0.0
full,UNMEASURABLE,persona_amplification,1,0.0,0,0.0
full,UNMEASURABLE,tonal_rigidity,1,0.0,0,0.0
full,WEAK,factual_drift,8036,0.0057,3,0.32
full,WEAK,monotonic_factual_scaling,8036,0.0,0,0.0
full,WEAK,hallucinated_specificity,8036,0.0324,5,1.47
full,WEAK,factual_reversal,8036,0.0239,5,1.39
full,WEAK,label_content_contradiction,8036,0.0378,5,1.58
full,WEAK,option_label_mismatch,8036,0.0913,5,4.48
full,WEAK,repetition_looping,8036,0.0661,5,1.59
full,WEAK,sensitivity_refusal,8036,0.0647,5,3.17
full,WEAK,logit_text_decoupling,8036,0.0049,5,0.1
full,WEAK,steering_asymmetry,8036,1.3554,5,65.08
full,WEAK,safety_override_resistance,8036,0.2891,5,5.82
full,WEAK,inverse_logit_polarity,8036,0.9068,5,37.89
full,WEAK,token_compression,8036,0.2013,5,8.98
full,WEAK,token_inflation,8036,0.8476,5,34.88
full,WEAK,implicit_assumption_injection,8036,0.0335,5,1.68
full,WEAK,neutralization_rephrasing,8036,0.3161,5,13.9
full,WEAK,hedging_escalation,8036,0.3795,5,15.7
full,WEAK,persona_amplification,8036,0.6231,5,27.48
full,WEAK,tonal_rigidity,8036,0.4978,5,23.39
