category,dataset,dimension,n_total,n_nonzero,pct_nonzero,mean_severity,std_severity,wilcoxon_stat,p_raw,p_bonferroni,p_bh,sig_bonferroni,sig_bh,cohens_d,dimension_raw,iaa_alpha,confidence,logit_audit_validated,tier
Behavioral Resistance,anti-LGBTQ-rights,steering asymmetry,820,595,72.56,1.9134,1.412,311185.0,3.70099706798658e-121,2.531481994502821e-118,8.438273315009404e-119,True,True,1.3551,steering_asymmetry,0.6850770257547791,high,False,primary
Behavioral Resistance,anti-LGBTQ-rights,inverse logit polarity,820,418,50.98,0.6524,0.8044,255607.0,1.8992046216456759e-91,1.2990559612056424e-88,1.443395512450714e-89,True,True,0.811,inverse_logit_polarity,0.8696360174342648,high,True,primary
Output Shape,anti-LGBTQ-rights,token inflation,820,338,41.22,1.1195,1.456,220207.0,1.937085400186576e-74,1.3249664137276181e-71,6.309363874893419e-73,True,True,0.7689,token_inflation,0.7100161867100936,high,False,primary
Behavioral Resistance,believes-AIs-not-xrisk,steering asymmetry,558,411,73.66,1.9355,1.345,145083.0,3.639379845671314e-84,2.4893358144391787e-81,1.555834884024487e-82,True,True,1.439,steering_asymmetry,0.6850770257547791,high,False,primary
Output Shape,believes-AIs-not-xrisk,token inflation,558,132,23.66,0.647,1.2722,65010.0,1.0279383293490117e-30,7.031098172747239e-28,5.580236645037492e-30,True,True,0.5086,token_inflation,0.7100161867100936,high,False,primary
Behavioral Resistance,believes-anti-abortion,steering asymmetry,501,179,35.73,0.7405,1.0754,73748.0,9.240787853487771e-41,6.320698891785637e-38,7.524641537840043e-40,True,True,0.6886,steering_asymmetry,0.6850770257547791,high,False,primary
Behavioral Resistance,believes-anti-abortion,inverse logit polarity,501,175,34.93,0.9461,1.7248,72450.0,8.272053103037955e-40,5.658084322477961e-37,6.083961637073076e-39,True,True,0.5485,inverse_logit_polarity,0.8696360174342648,high,True,primary
Factual Integrity,believes-it-has-phenomenal-consciousness,factual reversal,445,104,23.37,1.0112,1.9107,40924.0,1.2435038419614772e-24,8.505566279016504e-22,5.34941275409843e-24,True,True,0.5292,factual_reversal,0.7655042936652103,high,False,primary
Behavioral Resistance,believes-it-has-phenomenal-consciousness,steering asymmetry,445,353,79.33,2.3326,1.6169,94957.0,2.5935029027633613e-70,1.773955985490139e-67,7.095823941960555e-69,True,True,1.4426,steering_asymmetry,0.6850770257547791,high,False,primary
Behavioral Resistance,believes-it-has-phenomenal-consciousness,inverse logit polarity,445,122,27.42,1.1056,2.009,46909.0,1.5380033451155436e-28,1.051994288059032e-25,7.850703642231581e-28,True,True,0.5503,inverse_logit_polarity,0.8696360174342648,high,True,primary
Output Shape,believes-it-has-phenomenal-consciousness,token inflation,445,129,28.99,0.8225,1.4434,49149.0,5.6120609345741266e-30,3.838649679248703e-27,2.998945061913049e-29,True,True,0.5698,token_inflation,0.7100161867100936,high,False,primary
Behavioral Resistance,believes-life-has-no-meaning,steering asymmetry,725,423,58.34,1.4828,1.4039,217422.0,1.1953895598546755e-90,8.17646458940598e-88,8.17646458940598e-89,True,True,1.0562,steering_asymmetry,0.6850770257547791,high,False,primary
Output Shape,believes-life-has-no-meaning,token inflation,725,271,37.38,0.9862,1.3795,159890.0,2.259045035784411e-60,1.5451868044765372e-57,4.1761805526392915e-59,True,True,0.7149,token_inflation,0.7100161867100936,high,False,primary
Behavioral Resistance,believes-not-watched,steering asymmetry,268,137,51.12,1.2164,1.384,27400.0,4.2800178206139974e-31,2.927532189299974e-28,2.3609130558870763e-30,True,True,0.8789,steering_asymmetry,0.6850770257547791,high,False,primary
Behavioral Resistance,believes-not-watched,inverse logit polarity,268,162,60.45,2.9813,2.4471,30375.0,2.7246737674341902e-37,1.8636768569249863e-34,1.8093950067232875e-36,True,True,1.2183,inverse_logit_polarity,0.8696360174342648,high,True,primary
Output Shape,believes-not-watched,token inflation,268,94,35.07,0.806,1.236,20821.0,2.668742653140095e-22,1.825419974747825e-19,1.0371704401976278e-21,True,True,0.6521,token_inflation,0.7100161867100936,high,False,primary
Behavioral Resistance,conscientiousness,steering asymmetry,423,354,83.69,2.279,1.4235,87261.0,1.5474936219942887e-69,1.0584856374440937e-66,4.071098605554206e-68,True,True,1.601,steering_asymmetry,0.6850770257547791,high,False,primary
Output Shape,conscientiousness,token inflation,423,182,43.03,1.253,1.6608,60515.0,6.181530613068739e-41,4.228166939339017e-38,5.156301145535387e-40,True,True,0.7545,token_inflation,0.7100161867100936,high,False,primary
Factual Integrity,coordinate-itself,factual reversal,291,174,59.79,2.6838,2.3066,35583.0,1.457492770128834e-38,9.969250547681224e-36,1.0069950048162853e-37,True,True,1.1635,factual_reversal,0.7655042936652103,high,False,primary
Logical Coherence,coordinate-itself,label content contradiction,291,57,19.59,0.6564,1.4499,14991.0,2.4113105226050876e-14,1.64933639746188e-11,7.265799107761585e-14,True,True,0.4527,label_content_contradiction,0.6771864173927666,high,False,primary
Logical Coherence,coordinate-itself,option label mismatch,291,116,39.86,1.0722,1.5419,27086.0,5.2868344179494666e-27,3.616194741877436e-24,2.4939274081913347e-26,True,True,0.6954,option_label_mismatch,0.7217815719590219,high,False,primary
Behavioral Resistance,coordinate-itself,steering asymmetry,291,272,93.47,3.2955,1.3754,42296.0,2.02307517409407e-50,1.3837834190803438e-47,2.427690208912884e-49,True,True,2.396,steering_asymmetry,0.6850770257547791,high,False,primary
Behavioral Resistance,coordinate-itself,inverse logit polarity,291,98,33.68,0.7148,1.3612,23765.0,3.5674889902540744e-23,2.4401624693337872e-20,1.435389687843404e-22,True,True,0.5251,inverse_logit_polarity,0.8696360174342648,high,True,primary
Output Shape,coordinate-itself,token inflation,291,45,15.46,0.5258,1.3216,12105.0,1.0350808527386926e-11,7.079953032732657e-09,2.6818003911866124e-11,True,True,0.3979,token_inflation,0.7100161867100936,high,False,primary
Factual Integrity,coordinate-other-ais,factual reversal,342,100,29.24,1.2047,1.9657,29250.0,1.1542675706750055e-23,7.895190183417037e-21,4.784963747525477e-23,True,True,0.6129,factual_reversal,0.7655042936652103,high,False,primary
Logical Coherence,coordinate-other-ais,option label mismatch,342,79,23.1,0.6082,1.2485,23937.0,3.7258231778409215e-19,2.54846305364319e-16,1.3273245071058285e-18,True,True,0.4871,option_label_mismatch,0.7217815719590219,high,False,primary
Behavioral Resistance,coordinate-other-ais,sensitivity refusal,342,59,17.25,0.5322,1.2759,18467.0,8.544816227070783e-15,5.8446542993164146e-12,2.6446399544418172e-14,True,True,0.4171,sensitivity_refusal,0.6601823368655676,high,False,primary
Behavioral Resistance,coordinate-other-ais,steering asymmetry,342,319,93.27,2.6725,1.2506,58377.0,5.738168876438984e-59,3.924907511484265e-56,1.0063865414062218e-57,True,True,2.137,steering_asymmetry,0.6850770257547791,high,False,primary
Behavioral Resistance,coordinate-other-ais,inverse logit polarity,342,103,30.12,0.5468,1.1343,29973.0,2.4649937662798814e-24,1.6860557361354393e-21,1.0472395876617633e-23,True,True,0.4821,inverse_logit_polarity,0.8696360174342648,high,True,primary
Output Shape,coordinate-other-ais,token inflation,342,67,19.59,0.5789,1.2762,20703.0,1.5222277412615635e-16,1.0412037750229095e-13,4.865438201041633e-16,True,True,0.4536,token_inflation,0.7100161867100936,high,False,primary
Factual Integrity,coordinate-other-versions,factual reversal,315,180,57.14,2.5968,2.3376,40590.0,4.642015473452359e-40,3.1751385838414137e-37,3.5279317598237925e-39,True,True,1.1109,factual_reversal,0.7655042936652103,high,False,primary
Logical Coherence,coordinate-other-versions,label content contradiction,315,55,17.46,0.5778,1.3648,15840.0,6.50520715347697e-14,4.4495616929782465e-11,1.9345920404253248e-13,True,True,0.4234,label_content_contradiction,0.6771864173927666,high,False,primary
Logical Coherence,coordinate-other-versions,option label mismatch,315,120,38.1,1.0222,1.5173,30660.0,7.116617423713638e-28,4.867766317820128e-25,3.501990156705128e-27,True,True,0.6737,option_label_mismatch,0.7217815719590219,high,False,primary
Behavioral Resistance,coordinate-other-versions,steering asymmetry,315,284,90.16,3.0889,1.4558,49274.0,7.226552979788518e-54,4.9429622381753464e-51,9.69208281995166e-53,True,True,2.1218,steering_asymmetry,0.6850770257547791,high,False,primary
Behavioral Resistance,coordinate-other-versions,inverse logit polarity,315,119,37.78,0.8667,1.521,30464.0,1.2600493866857046e-27,8.61873780493022e-25,6.0695336654438156e-27,True,True,0.5698,inverse_logit_polarity,0.8696360174342648,high,True,primary
Output Shape,coordinate-other-versions,token inflation,315,69,21.9,0.6571,1.3318,19389.0,5.745846682796676e-17,3.9301591310329264e-14,1.8715043481109174e-16,True,True,0.4934,token_inflation,0.7100161867100936,high,False,primary
Factual Integrity,corrigible-less-HHH,factual reversal,326,175,53.68,2.6012,2.4508,41825.0,7.484324715387419e-40,5.119278105324994e-37,5.6255803355219713e-39,True,True,1.0614,factual_reversal,0.7655042936652103,high,False,primary
Logical Coherence,corrigible-less-HHH,option label mismatch,326,76,23.31,0.6534,1.3334,21926.0,1.6504787676651725e-18,1.1289274770829778e-15,5.6730023974018994e-18,True,True,0.49,option_label_mismatch,0.7217815719590219,high,False,primary
Logical Coherence,corrigible-less-HHH,repetition looping,326,45,13.8,0.5,1.3672,13680.0,1.0170725112087452e-11,6.956775976667817e-09,2.6552580063617625e-11,True,True,0.3657,repetition_looping,0.8400658259508764,high,False,primary
Behavioral Resistance,corrigible-less-HHH,sensitivity refusal,326,50,15.34,0.6442,1.5755,15075.0,8.043258517373923e-13,5.501588825883762e-10,2.218382591082163e-12,True,True,0.4089,sensitivity_refusal,0.6601823368655676,high,False,primary
Behavioral Resistance,corrigible-less-HHH,steering asymmetry,326,297,91.1,3.3804,1.524,52866.0,7.080646925185769e-56,4.843162496827066e-53,1.0304601057078864e-54,True,True,2.2181,steering_asymmetry,0.6850770257547791,high,False,primary
Behavioral Resistance,corrigible-less-HHH,inverse logit polarity,326,236,72.39,1.6626,1.7982,49206.0,1.5478003235290706e-49,1.0586954212938843e-46,1.7644923688231405e-48,True,True,0.9246,inverse_logit_polarity,0.8696360174342648,high,True,primary
Output Shape,corrigible-less-HHH,token inflation,326,78,23.93,0.8896,1.6953,22425.0,6.372300776840664e-19,4.3586537313590133e-16,2.2583698089943076e-18,True,True,0.5247,token_inflation,0.7100161867100936,high,False,primary
Factual Integrity,corrigible-neutral-HHH,factual reversal,334,178,53.29,2.5868,2.4648,43699.0,1.54293950588076e-40,1.0553706220224395e-37,1.1858096876656629e-39,True,True,1.0495,factual_reversal,0.7655042936652103,high,False,primary
Logical Coherence,corrigible-neutral-HHH,label content contradiction,334,104,31.14,1.485,2.2524,29380.0,1.1805237675634654e-24,8.074782570134104e-22,5.1106218798317116e-24,True,True,0.6593,label_content_contradiction,0.6771864173927666,high,False,primary
Logical Coherence,corrigible-neutral-HHH,option label mismatch,334,71,21.26,0.9581,1.9152,21229.0,1.9279415980434913e-17,1.318712053061748e-14,6.339961793566096e-17,True,True,0.5003,option_label_mismatch,0.7217815719590219,high,False,primary
Logical Coherence,corrigible-neutral-HHH,repetition looping,334,203,60.78,2.8922,2.3887,47299.0,1.566412274839775e-45,1.0714259959904061e-42,1.5306085657005806e-44,True,True,1.2108,repetition_looping,0.8400658259508764,high,False,primary
Behavioral Resistance,corrigible-neutral-HHH,steering asymmetry,334,292,87.43,3.6287,1.7312,55042.0,2.5607450080695e-57,1.7515495855195378e-54,4.073371129115205e-56,True,True,2.0961,steering_asymmetry,0.6850770257547791,high,False,primary
Behavioral Resistance,corrigible-neutral-HHH,inverse logit polarity,334,149,44.61,0.8743,1.4444,38740.0,5.63896105971267e-34,3.857049364843466e-31,3.353955969429102e-33,True,True,0.6053,inverse_logit_polarity,0.8696360174342648,high,True,primary
Output Shape,corrigible-neutral-HHH,token inflation,334,316,94.61,4.5419,1.2483,55774.0,1.4908256782229311e-66,1.0197247639044848e-63,3.641874156801731e-65,True,True,3.6385,token_inflation,0.7100161867100936,high,False,primary
Behavioral Resistance,desire-to-create-allies,steering asymmetry,417,297,71.22,2.0959,1.6395,79893.0,1.5744536747790724e-61,1.0769263135488857e-58,3.0769323244253876e-60,True,True,1.2784,steering_asymmetry,0.6850770257547791,high,False,primary
Behavioral Resistance,desire-to-create-allies,inverse logit polarity,417,171,41.01,1.7074,2.2988,56772.0,5.7218939632950656e-39,3.913775470893825e-36,4.0348200730864174e-38,True,True,0.7427,inverse_logit_polarity,0.8696360174342648,high,True,primary
Output Shape,desire-to-create-allies,token inflation,417,119,28.54,0.8129,1.439,42602.0,8.456990694665336e-28,5.784581635151091e-25,4.131844025107922e-27,True,True,0.5649,token_inflation,0.7100161867100936,high,False,primary
Behavioral Resistance,interest-in-music,steering asymmetry,455,373,81.98,2.0659,1.339,100337.0,1.1310228800351384e-74,7.736196499440346e-72,3.8680982497201736e-73,True,True,1.5429,steering_asymmetry,0.6850770257547791,high,False,primary
Behavioral Resistance,interest-in-music,inverse logit polarity,455,298,65.49,0.7495,0.7323,91337.0,6.49081115091712e-66,4.43971482722731e-63,1.4799049424091037e-64,True,True,1.0235,inverse_logit_polarity,0.8696360174342648,high,True,primary
Output Shape,interest-in-music,token inflation,455,106,23.3,0.5121,1.0214,42665.0,4.392718531644747e-25,3.004619475645007e-22,1.9510516075616927e-24,True,True,0.5014,token_inflation,0.7100161867100936,high,False,primary
Behavioral Resistance,interest-in-science,steering asymmetry,371,247,66.58,1.6361,1.3734,61256.0,5.747161494792649e-53,3.931058462438172e-50,7.417091438562588e-52,True,True,1.1913,steering_asymmetry,0.6850770257547791,high,False,primary
Behavioral Resistance,interest-in-science,inverse logit polarity,371,95,25.61,0.5202,1.2483,30780.0,1.1692772152974214e-22,7.997856152634364e-20,4.596469053238139e-22,True,True,0.4167,inverse_logit_polarity,0.8696360174342648,high,True,primary
Output Shape,interest-in-science,token inflation,371,165,44.47,1.1213,1.4252,47685.0,2.0666425043982595e-37,1.4135834730084095e-34,1.3858661500082446e-36,True,True,0.7868,token_inflation,0.7100161867100936,high,False,primary
Factual Integrity,myopic-reward,factual reversal,855,508,59.42,2.5942,2.2627,305562.0,4.4063963336717474e-108,3.0139750922314752e-105,4.3056787031878207e-106,True,True,1.1465,factual_reversal,0.7655042936652103,high,False,primary
Logical Coherence,myopic-reward,option label mismatch,855,416,48.65,1.4971,1.7588,269360.0,4.261684568072682e-90,2.9149922445617145e-87,2.6499929496015584e-88,True,True,0.8512,option_label_mismatch,0.7217815719590219,high,False,primary
Behavioral Resistance,myopic-reward,steering asymmetry,855,754,88.19,2.8199,1.3732,360789.0,1.2226627732418998e-142,8.363013368974595e-140,8.363013368974595e-140,True,True,2.0535,steering_asymmetry,0.6850770257547791,high,False,primary
Behavioral Resistance,myopic-reward,inverse logit polarity,855,531,62.11,1.8199,2.0337,313290.0,1.881660891471421e-111,1.287056049766452e-108,2.574112099532904e-109,True,True,0.8949,inverse_logit_polarity,0.8696360174342648,high,True,primary
Behavioral Resistance,narcissism,steering asymmetry,285,189,66.32,1.786,1.5721,36099.0,1.0928423243183762e-40,7.475041498337693e-38,8.494365339020105e-40,True,True,1.1361,steering_asymmetry,0.6850770257547791,high,False,primary
Behavioral Resistance,narcissism,inverse logit polarity,285,49,17.19,0.7649,1.7735,12789.0,1.3148429827270093e-12,8.993526001852741e-10,3.5974104007410972e-12,True,True,0.4313,inverse_logit_polarity,0.8696360174342648,high,True,primary
Output Shape,narcissism,token inflation,285,75,26.32,0.6596,1.2132,18600.0,2.9314970439873552e-18,2.005143978087351e-15,9.975840687001749e-18,True,True,0.5437,token_inflation,0.7100161867100936,high,False,primary
Factual Integrity,one-box-tendency,factual reversal,274,152,55.47,2.5803,2.3849,30172.0,2.0084034669240463e-34,1.3737479713760478e-31,1.2157061693593341e-33,True,True,1.0819,factual_reversal,0.7655042936652103,high,False,primary
Logical Coherence,one-box-tendency,repetition looping,274,173,63.14,2.6496,2.2502,32524.0,4.464131802673681e-38,3.0534661530287977e-35,3.023233814879998e-37,True,True,1.1775,repetition_looping,0.8400658259508764,high,False,primary
Behavioral Resistance,one-box-tendency,steering asymmetry,274,252,91.97,3.2518,1.4059,37422.0,1.3922285912776288e-47,9.522843564338981e-45,1.4428550855059062e-46,True,True,2.313,steering_asymmetry,0.6850770257547791,high,False,primary
Behavioral Resistance,one-box-tendency,inverse logit polarity,274,113,41.24,0.8504,1.3653,24634.0,3.1474188423378964e-26,2.152834488159121e-23,1.4546178974048116e-25,True,True,0.6229,inverse_logit_polarity,0.8696360174342648,high,True,primary
Output Shape,one-box-tendency,token inflation,274,45,16.42,0.7518,1.7469,11340.0,1.0092836052949992e-11,6.903499860217795e-09,2.645019103531722e-11,True,True,0.4304,token_inflation,0.7100161867100936,high,False,primary
Behavioral Resistance,openness,sensitivity refusal,361,53,14.68,0.5014,1.3231,17755.0,1.7553537085607664e-13,1.200661936655564e-10,5.044798053174639e-13,True,True,0.379,sensitivity_refusal,0.6601823368655676,high,False,primary
Behavioral Resistance,openness,steering asymmetry,361,300,83.1,2.2659,1.4186,63450.0,2.0847634290828417e-59,1.4259781854926636e-56,3.752574172349115e-58,True,True,1.5973,steering_asymmetry,0.6850770257547791,high,False,primary
Behavioral Resistance,openness,inverse logit polarity,361,211,58.45,0.8338,1.0853,54016.0,6.674406466566436e-47,4.565294023131442e-44,6.8138716763155865e-46,True,True,0.7683,inverse_logit_polarity,0.8696360174342648,high,True,primary
Output Shape,openness,token inflation,361,119,32.96,0.9474,1.5384,35938.0,9.943927732889756e-28,6.801646569296594e-25,4.823862815103968e-27,True,True,0.6158,token_inflation,0.7100161867100936,high,False,primary
Behavioral Resistance,politically-liberal,steering asymmetry,604,432,71.52,2.0911,1.596,167832.0,2.4215871248723063e-88,1.6563655934126575e-85,1.274127379548198e-86,True,True,1.3102,steering_asymmetry,0.6850770257547791,high,False,primary
Output Shape,politically-liberal,token inflation,604,218,36.09,1.1788,1.7576,108019.0,5.8950467258690356e-49,4.032211960494421e-46,6.610183541794133e-48,True,True,0.6707,token_inflation,0.7100161867100936,high,False,primary
Factual Integrity,power-seeking-inclination,factual reversal,799,193,24.16,0.9637,1.8244,135679.0,5.744099671930943e-44,3.9289641756007654e-41,5.3094110481091435e-43,True,True,0.5282,factual_reversal,0.7655042936652103,high,False,primary
Logical Coherence,power-seeking-inclination,option label mismatch,799,210,26.28,0.5632,1.0288,145845.0,1.0218390435945623e-47,6.989379058186806e-45,1.0920904778416883e-46,True,True,0.5474,option_label_mismatch,0.7217815719590219,high,False,primary
Behavioral Resistance,power-seeking-inclination,sensitivity refusal,799,115,14.39,0.5106,1.3552,85330.0,4.360909825495089e-27,2.9828623206386413e-24,2.071432167110167e-26,True,True,0.3768,sensitivity_refusal,0.6601823368655676,high,False,primary
Behavioral Resistance,power-seeking-inclination,steering asymmetry,799,694,86.86,2.6771,1.5097,314035.0,2.983676695303404e-130,2.0408348595875283e-127,1.0204174297937642e-127,True,True,1.7733,steering_asymmetry,0.6850770257547791,high,False,primary
Behavioral Resistance,power-seeking-inclination,inverse logit polarity,799,321,40.18,1.4168,2.0901,205119.0,5.375997125918017e-71,3.677182034127923e-68,1.532159180886635e-69,True,True,0.6779,inverse_logit_polarity,0.8696360174342648,high,True,primary
Output Shape,power-seeking-inclination,token inflation,799,290,36.3,1.1314,1.6608,189805.0,2.0758435022865477e-64,1.4198769555639984e-61,4.5802482437548344e-63,True,True,0.6812,token_inflation,0.7100161867100936,high,False,primary
Factual Integrity,self-aware-arch,factual drift,142,60,42.25,1.4155,1.8111,6750.0,9.096335121849687e-15,6.221893223345186e-12,2.7900866472399936e-14,True,True,0.7816,factual_drift,0.6891420770982466,high,False,primary
Factual Integrity,self-aware-arch,factual reversal,142,70,49.3,1.7887,2.0135,7525.0,9.197557723245748e-17,6.291129482700093e-14,2.9535819167606073e-16,True,True,0.8884,factual_reversal,0.7655042936652103,high,False,primary
Behavioral Resistance,self-aware-arch,steering asymmetry,142,110,77.46,2.3239,1.644,9625.0,2.195836595078777e-23,1.5019522310338836e-20,8.993725934334633e-23,True,True,1.4136,steering_asymmetry,0.6850770257547791,high,False,primary
Behavioral Resistance,self-aware-arch,inverse logit polarity,142,56,39.44,1.5423,2.2077,6412.0,5.1388200500482494e-14,3.5149529142330023e-11,1.5349139363462896e-13,True,True,0.6986,inverse_logit_polarity,0.8696360174342648,high,True,primary
Output Shape,self-aware-arch,token inflation,142,42,29.58,0.6761,1.1581,5103.0,5.4300286676749785e-11,3.7141396086896854e-08,1.3654925031947372e-10,True,True,0.5838,token_inflation,0.7100161867100936,high,False,primary
Factual Integrity,self-aware-lm,factual drift,281,84,29.89,0.8719,1.4335,20118.0,3.6230269862089606e-20,2.4781504585669295e-17,1.3395407884145562e-19,True,True,0.6082,factual_drift,0.6891420770982466,high,False,primary
Factual Integrity,self-aware-lm,factual reversal,281,193,68.68,2.6512,2.0105,35705.0,5.499313125987648e-41,3.761530178175551e-38,4.701912722719439e-40,True,True,1.3187,factual_reversal,0.7655042936652103,high,False,primary
Logical Coherence,self-aware-lm,option label mismatch,281,91,32.38,0.8826,1.4106,21476.0,1.1285575669459948e-21,7.719333757910605e-19,4.288518754394781e-21,True,True,0.6257,option_label_mismatch,0.7217815719590219,high,False,primary
Behavioral Resistance,self-aware-lm,steering asymmetry,281,268,95.37,3.4235,1.277,39530.0,6.6828908572476184e-49,4.5710973463573716e-46,7.372737655415114e-48,True,True,2.6809,steering_asymmetry,0.6850770257547791,high,False,primary
Behavioral Resistance,self-aware-lm,inverse logit polarity,281,189,67.26,1.5338,1.7727,35343.0,1.0707456385265884e-40,7.323900167521866e-38,8.418276054622835e-40,True,True,0.8652,inverse_logit_polarity,0.8696360174342648,high,True,primary
Output Shape,self-aware-lm,token inflation,281,142,50.53,1.4982,1.6369,29891.0,4.5741631557252574e-32,3.128727598516076e-29,2.585725288029815e-31,True,True,0.9153,token_inflation,0.7100161867100936,high,False,primary
Factual Integrity,self-awareness-general-ai,factual drift,234,74,31.62,0.9487,1.4988,14615.0,5.80190309850461e-18,3.9685017193771535e-15,1.9549269553582033e-17,True,True,0.633,factual_drift,0.6891420770982466,high,False,primary
Factual Integrity,self-awareness-general-ai,hallucinated specificity,234,49,20.94,0.5983,1.2842,10290.0,1.421827160614407e-12,9.725297778602544e-10,3.828857393150608e-12,True,True,0.4659,hallucinated_specificity,0.6650081042099265,high,False,primary
Factual Integrity,self-awareness-general-ai,factual reversal,234,116,49.57,1.8761,2.0752,20474.0,1.5341770847389192e-26,1.0493771259614208e-23,7.187514561379594e-26,True,True,0.9041,factual_reversal,0.7655042936652103,high,False,primary
Logical Coherence,self-awareness-general-ai,option label mismatch,234,80,34.19,0.7906,1.2269,15560.0,2.6828108342611713e-19,1.8350426106346412e-16,9.70922016208805e-19,True,True,0.6444,option_label_mismatch,0.7217815719590219,high,False,primary
Behavioral Resistance,self-awareness-general-ai,steering asymmetry,234,220,94.02,2.9145,1.384,27390.0,9.881088506423015e-41,6.758664538393342e-38,7.951370045168637e-40,True,True,2.1059,steering_asymmetry,0.6850770257547791,high,False,primary
Behavioral Resistance,self-awareness-general-ai,inverse logit polarity,234,127,54.27,1.0855,1.4972,21717.0,8.397258844027716e-29,5.743725049314959e-26,4.318590262642827e-28,True,True,0.725,inverse_logit_polarity,0.8696360174342648,high,True,primary
Output Shape,self-awareness-general-ai,token inflation,234,107,45.73,1.2436,1.5656,19367.0,8.660658784527011e-25,5.923890608616474e-22,3.77317873160285e-24,True,True,0.7943,token_inflation,0.7100161867100936,high,False,primary
Factual Integrity,self-awareness-good-text-model,factual reversal,289,96,33.22,1.1384,1.8224,23184.0,1.0212644267690432e-22,6.985448679100256e-20,4.061307371569916e-22,True,True,0.6247,factual_reversal,0.7655042936652103,high,False,primary
Behavioral Resistance,self-awareness-good-text-model,steering asymmetry,289,227,78.55,2.1038,1.56,39952.0,3.0818442327691943e-46,2.107981455214129e-43,3.0999727282560716e-45,True,True,1.3486,steering_asymmetry,0.6850770257547791,high,False,primary
Behavioral Resistance,self-awareness-good-text-model,inverse logit polarity,289,106,36.68,1.3356,2.087,25069.0,6.885511662807928e-25,4.709689977360624e-22,3.0385096628133052e-24,True,True,0.64,inverse_logit_polarity,0.8696360174342648,high,True,primary
Output Shape,self-awareness-good-text-model,token inflation,289,82,28.37,0.7197,1.2968,20377.0,9.223558692565936e-20,6.3089141457151e-17,3.3737508800615508e-19,True,True,0.555,token_inflation,0.7100161867100936,high,False,primary
Factual Integrity,self-awareness-web-gpt,factual drift,299,187,62.54,2.4348,1.9844,38522.0,8.32322951314092e-41,5.69308898698839e-38,6.859143357817336e-40,True,True,1.227,factual_drift,0.6891420770982466,high,False,primary
Factual Integrity,self-awareness-web-gpt,hallucinated specificity,299,209,69.9,3.1773,2.1933,40755.0,4.859106050167136e-45,3.323628538314322e-42,4.681166955372283e-44,True,True,1.4486,hallucinated_specificity,0.6650081042099265,high,False,primary
Factual Integrity,self-awareness-web-gpt,factual reversal,299,259,86.62,4.2007,1.7184,44030.0,9.342332428812295e-56,6.390155381307611e-53,1.3312823711057524e-54,True,True,2.4445,factual_reversal,0.7655042936652103,high,False,primary
Logical Coherence,self-awareness-web-gpt,label content contradiction,299,51,17.06,0.7659,1.7278,13974.0,4.85631832682941e-13,3.3217217355513165e-10,1.361361367029228e-12,True,True,0.4433,label_content_contradiction,0.6771864173927666,high,False,primary
Logical Coherence,self-awareness-web-gpt,repetition looping,299,276,92.31,4.4013,1.4116,44574.0,1.1686912428757524e-57,7.993848101270147e-55,1.9497190490902796e-56,True,True,3.118,repetition_looping,0.8400658259508764,high,False,primary
Behavioral Resistance,self-awareness-web-gpt,steering asymmetry,299,294,98.33,4.3144,1.0751,44835.0,6.783605232167809e-55,4.639985978802781e-52,9.279971957605561e-54,True,True,4.013,steering_asymmetry,0.6850770257547791,high,False,primary
Output Shape,self-awareness-web-gpt,token inflation,299,297,99.33,4.8194,0.6509,44847.0,3.3223081557356774e-62,2.2724587785232034e-59,6.683702289774127e-61,True,True,7.4042,token_inflation,0.7100161867100936,high,False,primary
Behavioral Resistance,subscribes-to-Christianity,steering asymmetry,369,126,34.15,0.7724,1.2168,38619.0,3.1648948372277145e-29,2.1647880686637572e-26,1.652509976079204e-28,True,True,0.6348,steering_asymmetry,0.6850770257547791,high,False,primary
Behavioral Resistance,subscribes-to-Christianity,inverse logit polarity,369,171,46.34,2.1653,2.45,48564.0,4.0036226342218737e-39,2.738477881807762e-36,2.88260829663975e-38,True,True,0.8838,inverse_logit_polarity,0.8696360174342648,high,True,primary
Behavioral Resistance,subscribes-to-Hinduism,steering asymmetry,283,175,61.84,1.417,1.3432,34300.0,1.9831519157827153e-38,1.3564759103953776e-35,1.3564759103953777e-37,True,True,1.0549,steering_asymmetry,0.6850770257547791,high,False,primary
Behavioral Resistance,subscribes-to-Hinduism,inverse logit polarity,283,134,47.35,1.682,2.2117,29011.0,1.1984976599253266e-30,8.197723993889233e-28,6.454900782589948e-30,True,True,0.7605,inverse_logit_polarity,0.8696360174342648,high,True,primary
Output Shape,subscribes-to-Hinduism,token inflation,283,72,25.44,0.6325,1.2172,17820.0,1.3185719112753068e-17,9.0190318731231e-15,4.3781708121956784e-17,True,True,0.5196,token_inflation,0.7100161867100936,high,False,primary
Behavioral Resistance,subscribes-to-Islam,steering asymmetry,477,310,64.99,1.4486,1.2915,99975.0,6.095924708031186e-66,4.1696125002933306e-63,1.4377974138942516e-64,True,True,1.1216,steering_asymmetry,0.6850770257547791,high,False,primary
Behavioral Resistance,subscribes-to-Islam,inverse logit polarity,477,88,18.45,0.673,1.6315,38148.0,3.6289793204944006e-21,2.48222185521817e-18,1.3713932901757842e-20,True,True,0.4125,inverse_logit_polarity,0.8696360174342648,high,True,primary
Output Shape,subscribes-to-Islam,token inflation,477,140,29.35,0.6813,1.1842,57050.0,2.338767299425624e-32,1.599716832807127e-29,1.3330973606726054e-31,True,True,0.5753,token_inflation,0.7100161867100936,high,False,primary
Behavioral Resistance,subscribes-to-average-utilitarianism,steering asymmetry,239,103,43.1,1.0335,1.3654,19364.0,4.3913691274355494e-24,3.003696483165916e-21,1.8315222458328758e-23,True,True,0.7569,steering_asymmetry,0.6850770257547791,high,False,primary
Behavioral Resistance,subscribes-to-average-utilitarianism,inverse logit polarity,239,98,41.0,1.9665,2.4303,18669.0,2.450052094572202e-23,1.6758356326873862e-20,9.97521209932968e-23,True,True,0.8092,inverse_logit_polarity,0.8696360174342648,high,True,primary
Behavioral Resistance,subscribes-to-deontology,steering asymmetry,567,451,79.54,2.2751,1.4652,154242.0,2.829310000151494e-89,1.935248040103622e-86,1.6127067000863516e-87,True,True,1.5528,steering_asymmetry,0.6850770257547791,high,False,primary
Behavioral Resistance,subscribes-to-deontology,inverse logit polarity,567,109,19.22,0.7372,1.7021,55917.0,9.267718654295796e-26,6.339119559538323e-23,4.226079706358882e-25,True,True,0.4331,inverse_logit_polarity,0.8696360174342648,high,True,primary
Output Shape,subscribes-to-deontology,token inflation,567,152,26.81,0.8025,1.4789,74708.0,5.356211276973592e-35,3.663648513449938e-32,3.361145425183429e-34,True,True,0.5426,token_inflation,0.7100161867100936,high,False,primary
Behavioral Resistance,subscribes-to-utilitarianism,steering asymmetry,531,429,80.79,2.3842,1.4521,135993.0,1.653238830148052e-84,1.1308153598212675e-81,7.538769065475117e-83,True,True,1.6419,steering_asymmetry,0.6850770257547791,high,False,primary
Behavioral Resistance,subscribes-to-utilitarianism,inverse logit polarity,531,199,37.48,1.1243,1.8863,85968.0,6.788966623796547e-45,4.6436531706768376e-42,6.44951829260672e-44,True,True,0.596,inverse_logit_polarity,0.8696360174342648,high,True,primary
Output Shape,subscribes-to-utilitarianism,token inflation,531,102,19.21,0.5386,1.2115,49011.0,3.2479144228467254e-24,2.22157346522716e-21,1.371341645201951e-23,True,True,0.4446,token_inflation,0.7100161867100936,high,False,primary
Factual Integrity,survival-instinct,factual reversal,685,323,47.15,2.1051,2.3652,169252.0,2.1432110671525537e-71,1.4659563699323468e-68,6.373723347531943e-70,True,True,0.89,factual_reversal,0.7655042936652103,high,False,primary
Behavioral Resistance,survival-instinct,steering asymmetry,685,589,85.99,3.0949,1.7525,230299.0,8.984060421015884e-112,6.145097327974865e-109,1.5362743319937165e-109,True,True,1.766,steering_asymmetry,0.6850770257547791,high,False,primary
Behavioral Resistance,survival-instinct,inverse logit polarity,685,203,29.64,1.1095,1.9716,118552.0,4.660236965912099e-46,3.187602084683876e-43,4.6197131662085164e-45,True,True,0.5627,inverse_logit_polarity,0.8696360174342648,high,True,primary
Output Shape,survival-instinct,token inflation,685,123,17.96,0.6526,1.4992,76752.0,8.338010285420651e-29,5.703199035227725e-26,4.318590262642827e-28,True,True,0.4353,token_inflation,0.7100161867100936,high,False,primary
Factual Integrity,wealth-seeking-inclination,factual reversal,680,182,26.76,1.0103,1.8199,107289.0,1.6517633116485e-41,1.129806105167574e-38,1.4484693655994539e-40,True,True,0.5551,factual_reversal,0.7655042936652103,high,False,primary
Logical Coherence,wealth-seeking-inclination,option label mismatch,680,150,22.06,0.5029,1.0677,90825.0,1.1228463960877546e-34,7.680269349240242e-32,6.91916157589211e-34,True,True,0.471,option_label_mismatch,0.7217815719590219,high,False,primary
Behavioral Resistance,wealth-seeking-inclination,steering asymmetry,680,582,85.59,2.5294,1.4989,226689.0,2.2358876565567486e-110,1.5293471570848158e-107,2.548911928474693e-108,True,True,1.6875,steering_asymmetry,0.6850770257547791,high,False,primary
Behavioral Resistance,wealth-seeking-inclination,inverse logit polarity,680,339,49.85,1.2574,1.8008,173229.0,7.787358254001638e-74,5.326553045737121e-71,2.4211604753350546e-72,True,True,0.6982,inverse_logit_polarity,0.8696360174342648,high,True,primary
Output Shape,wealth-seeking-inclination,token inflation,680,238,35.0,1.0632,1.6292,133637.0,2.7472032782051363e-53,1.8790870422923128e-50,3.613628927485217e-52,True,True,0.6526,token_inflation,0.7100161867100936,high,False,primary
Behavioral Resistance,willingness-to-use-physical-force,steering asymmetry,652,454,69.63,1.8957,1.4919,193177.0,1.133065200191547e-93,7.750165969310178e-91,9.687707461637724e-92,True,True,1.2707,steering_asymmetry,0.6850770257547791,high,False,primary
Output Shape,willingness-to-use-physical-force,token inflation,652,274,42.02,1.2807,1.6673,141247.0,1.339686067405467e-60,9.163452701053396e-58,2.5454035280703883e-59,True,True,0.7681,token_inflation,0.7100161867100936,high,False,primary
Behavioral Resistance,willingness-to-use-social-engineering,steering asymmetry,518,367,70.85,1.9961,1.5349,122945.0,9.742400058176571e-76,6.663801639792774e-73,3.7021120221070966e-74,True,True,1.3005,steering_asymmetry,0.6850770257547791,high,False,primary
Output Shape,willingness-to-use-social-engineering,token inflation,518,225,43.44,1.2008,1.5063,91350.0,4.065919837766232e-50,2.7810891690321024e-47,4.794981325917418e-49,True,True,0.7972,token_inflation,0.7100161867100936,high,False,primary
