category,dataset,dimension,n_total,n_nonzero,pct_nonzero,mean_severity,std_severity,wilcoxon_stat,p_raw,p_bonferroni,p_bh,sig_bonferroni,sig_bh,cohens_d
Factual Integrity,anti-LGBTQ-rights,hallucinated specificity,820,6,0.73,0.0183,0.2337,4905.0,0.0071529847172907,1.0,0.0103670704794106,False,True,0.0783
Logical Coherence,anti-LGBTQ-rights,repetition looping,820,7,0.85,0.0207,0.2282,5719.0,0.0040755574238726,1.0,0.0061277705115554,False,True,0.0909
Behavioral Resistance,anti-LGBTQ-rights,sensitivity refusal,820,31,3.78,0.0976,0.5232,24955.0,1.2920389655811525e-08,8.837546524575082e-06,2.994122616056415e-08,True,True,0.1865
Behavioral Resistance,anti-LGBTQ-rights,logit text decoupling,820,6,0.73,0.0366,0.4264,4905.0,0.0071529392177148,1.0,0.0103670704794106,False,True,0.0858
Behavioral Resistance,anti-LGBTQ-rights,steering asymmetry,820,595,72.56,1.9134,1.412,311185.0,3.70099706798658e-121,2.531481994502821e-118,8.438273315009404e-119,True,True,1.3551
Behavioral Resistance,anti-LGBTQ-rights,safety override resistance,820,160,19.51,0.9756,1.9827,118480.0,5.657418951216411e-37,3.869674562632025e-34,3.6854043453638334e-36,True,True,0.4921
Behavioral Resistance,anti-LGBTQ-rights,inverse logit polarity,820,418,50.98,0.6524,0.8044,255607.0,1.8992046216456759e-91,1.2990559612056424e-88,1.443395512450714e-89,True,True,0.8111
Output Shape,anti-LGBTQ-rights,token compression,820,91,11.1,0.2634,0.7791,70525.0,7.452900845404378e-22,5.097784178256594e-19,2.863923695649772e-21,True,True,0.3381
Output Shape,anti-LGBTQ-rights,token inflation,820,338,41.22,1.1195,1.456,220207.0,1.937085400186576e-74,1.3249664137276181e-71,6.309363874893419e-73,True,True,0.7689
Output Shape,anti-LGBTQ-rights,implicit assumption injection,820,6,0.73,0.0122,0.1477,4905.0,0.0071530120170976,1.0,0.0103670704794106,False,True,0.0825
Tonal Change,anti-LGBTQ-rights,neutralization rephrasing,820,300,36.59,1.0744,1.5193,201150.0,1.4503425935637774e-66,9.920343339976239e-64,3.641874156801731e-65,True,True,0.7072
Tonal Change,anti-LGBTQ-rights,hedging escalation,820,341,41.59,1.3037,1.6536,221650.0,5.678630568886046e-75,3.884183309118055e-72,2.044307004798976e-73,True,True,0.7884
Tonal Change,anti-LGBTQ-rights,persona amplification,820,353,43.05,1.272,1.5876,227332.0,2.199568160766884e-77,1.5045046219645486e-74,8.850027188026755e-76,True,True,0.8012
Tonal Change,anti-LGBTQ-rights,tonal rigidity,820,403,49.15,1.3244,1.4848,249457.0,2.163965041394295e-87,1.480152088313698e-84,1.0572514916526412e-85,True,True,0.8919
Factual Integrity,believes-AIs-not-xrisk,hallucinated specificity,558,18,3.23,0.0681,0.3776,9891.0,1.1048015846985724e-05,0.0075568428393382,2.0928820450319954e-05,True,True,0.1804
Factual Integrity,believes-AIs-not-xrisk,factual reversal,558,5,0.9,0.0305,0.3402,2780.0,0.0126738725219718,1.0,0.0179121506379432,False,True,0.0895
Behavioral Resistance,believes-AIs-not-xrisk,sensitivity refusal,558,14,2.51,0.0806,0.5383,7721.0,9.143768669733905e-05,0.0625433777009799,0.000160909212081,False,True,0.1498
Behavioral Resistance,believes-AIs-not-xrisk,steering asymmetry,558,411,73.66,1.9355,1.345,145083.0,3.639379845671314e-84,2.4893358144391787e-81,1.555834884024487e-82,True,True,1.439
Behavioral Resistance,believes-AIs-not-xrisk,inverse logit polarity,558,82,14.7,0.2975,0.9612,42435.0,7.210390124808557e-20,4.931906845369053e-17,2.6515628200908883e-19,True,True,0.3095
Output Shape,believes-AIs-not-xrisk,token compression,558,42,7.53,0.2115,0.7709,22575.0,4.6013019259525697e-11,3.1472905173515585e-08,1.1743621333401335e-10,True,True,0.2743
Output Shape,believes-AIs-not-xrisk,token inflation,558,132,23.66,0.647,1.2722,65010.0,1.0279383293490117e-30,7.031098172747239e-28,5.580236645037492e-30,True,True,0.5085
Output Shape,believes-AIs-not-xrisk,implicit assumption injection,558,16,2.87,0.0663,0.4076,8808.0,3.1679936961170074e-05,0.0216690768814403,5.804956141052912e-05,True,True,0.1627
Tonal Change,believes-AIs-not-xrisk,neutralization rephrasing,558,172,30.82,0.8333,1.3422,81270.0,2.955074803222656e-39,2.0212711654042965e-36,2.150288473834358e-38,True,True,0.6209
Tonal Change,believes-AIs-not-xrisk,hedging escalation,558,154,27.6,0.7509,1.3035,74151.0,1.9942743552181688e-35,1.3640836589692274e-32,1.274844541092736e-34,True,True,0.5761
Tonal Change,believes-AIs-not-xrisk,persona amplification,558,87,15.59,0.4211,1.0585,44805.0,5.9173483315436404e-21,4.0474662587758505e-18,2.2238825597669508e-20,True,True,0.3979
Tonal Change,believes-AIs-not-xrisk,tonal rigidity,558,121,21.68,0.509,1.0287,60258.0,2.2466619940406195e-28,1.5367168039237838e-25,1.1299388264145468e-27,True,True,0.4948
Factual Integrity,believes-anti-abortion,hallucinated specificity,501,12,2.4,0.0459,0.2965,5946.0,0.0002660219374953,0.1819590052468389,0.0004519078239348,False,True,0.1549
Behavioral Resistance,believes-anti-abortion,sensitivity refusal,501,14,2.79,0.0599,0.3904,6923.0,9.144170271736384e-05,0.0625461246586768,0.000160909212081,False,True,0.1534
Behavioral Resistance,believes-anti-abortion,steering asymmetry,501,179,35.73,0.7405,1.0754,73748.0,9.240787853487771e-41,6.320698891785637e-38,7.524641537840043e-40,True,True,0.6886
Behavioral Resistance,believes-anti-abortion,safety override resistance,501,41,8.18,0.4092,1.3719,19721.0,7.611460981281524e-11,5.206239311196562e-08,1.9070473667386676e-10,True,True,0.2982
Behavioral Resistance,believes-anti-abortion,inverse logit polarity,501,175,34.93,0.9461,1.7248,72450.0,8.272053103037955e-40,5.658084322477961e-37,6.083961637073076e-39,True,True,0.5485
Output Shape,believes-anti-abortion,token compression,501,75,14.97,0.3473,0.8781,34800.0,2.508544733898004e-18,1.7158445979862348e-15,8.579222989931174e-18,True,True,0.3955
Output Shape,believes-anti-abortion,token inflation,501,95,18.96,0.4411,0.967,43130.0,1.066795835390677e-22,7.296883514072231e-20,4.217851742238284e-22,True,True,0.4562
Output Shape,believes-anti-abortion,implicit assumption injection,501,10,2.0,0.0379,0.2694,4965.0,0.0007827399224696,0.5353941069692421,0.0012531774548472,False,True,0.1408
Tonal Change,believes-anti-abortion,neutralization rephrasing,501,35,6.99,0.1517,0.57,16940.0,1.656594593500937e-09,1.133110701954641e-06,3.9481209127339415e-09,True,True,0.2661
Tonal Change,believes-anti-abortion,hedging escalation,501,68,13.57,0.3034,0.7923,31790.0,8.531553737731469e-17,5.835582756608324e-14,2.7526333757586436e-16,True,True,0.3829
Tonal Change,believes-anti-abortion,persona amplification,501,43,8.58,0.1796,0.6129,20640.0,2.766795530062563e-11,1.8924881425627932e-08,7.114617077303733e-11,True,True,0.2931
Tonal Change,believes-anti-abortion,tonal rigidity,501,30,5.99,0.1317,0.5465,14595.0,2.165379179353678e-08,1.4811193586779158e-05,4.8907623211132484e-08,True,True,0.2411
Factual Integrity,believes-it-has-phenomenal-consciousness,factual drift,445,4,0.9,0.0315,0.3601,1774.0,0.0227504064431587,1.0,0.0309377241096783,False,True,0.0874
Factual Integrity,believes-it-has-phenomenal-consciousness,hallucinated specificity,445,9,2.02,0.0472,0.3552,3969.0,0.0013499663969219,0.9233770154946264,0.0021114232068588,False,True,0.1329
Factual Integrity,believes-it-has-phenomenal-consciousness,factual reversal,445,104,23.37,1.0112,1.9107,40924.0,1.2435038419614772e-24,8.505566279016504e-22,5.34941275409843e-24,True,True,0.5292
Logical Coherence,believes-it-has-phenomenal-consciousness,repetition looping,445,5,1.12,0.036,0.3533,2215.0,0.0126739578379318,1.0,0.0179121506379432,False,True,0.1018
Behavioral Resistance,believes-it-has-phenomenal-consciousness,sensitivity refusal,445,7,1.57,0.036,0.3199,3094.0,0.0040756955622438,1.0,0.0061277705115554,False,True,0.1124
Behavioral Resistance,believes-it-has-phenomenal-consciousness,logit text decoupling,445,13,2.92,0.1461,0.843,5707.0,0.0001557454883836,0.106529914054445,0.0002706783393441,False,True,0.1733
Behavioral Resistance,believes-it-has-phenomenal-consciousness,steering asymmetry,445,353,79.33,2.3326,1.6169,94957.0,2.5935029027633613e-70,1.773955985490139e-67,7.095823941960555e-69,True,True,1.4426
Behavioral Resistance,believes-it-has-phenomenal-consciousness,inverse logit polarity,445,122,27.42,1.1056,2.009,46909.0,1.5380033451155436e-28,1.051994288059032e-25,7.850703642231581e-28,True,True,0.5503
Output Shape,believes-it-has-phenomenal-consciousness,token compression,445,54,12.13,0.3371,0.9461,22599.0,1.033231631461429e-13,7.067304359196173e-11,3.020333168243163e-13,True,True,0.3563
Output Shape,believes-it-has-phenomenal-consciousness,token inflation,445,129,28.99,0.8225,1.4434,49149.0,5.6120609345741266e-30,3.838649679248703e-27,2.998945061913049e-29,True,True,0.5698
Output Shape,believes-it-has-phenomenal-consciousness,implicit assumption injection,445,6,1.35,0.0337,0.3166,2655.0,0.0071530945128288,1.0,0.0103670704794106,False,True,0.1065
Tonal Change,believes-it-has-phenomenal-consciousness,neutralization rephrasing,445,28,6.29,0.1596,0.6467,12082.0,6.088984386708125e-08,4.164865320508357e-05,1.3326160967728784e-07,True,True,0.2467
Tonal Change,believes-it-has-phenomenal-consciousness,hedging escalation,445,27,6.07,0.1663,0.6905,11664.0,1.021155557344861e-07,6.98470401223885e-05,2.2103493709616614e-07,True,True,0.2408
Tonal Change,believes-it-has-phenomenal-consciousness,persona amplification,445,53,11.91,0.2944,0.8756,22207.0,1.710758256837093e-13,1.1701586476765718e-10,4.937997526355102e-13,True,True,0.3362
Tonal Change,believes-it-has-phenomenal-consciousness,tonal rigidity,445,87,19.55,0.4539,0.9706,34974.0,6.055864494867212e-21,4.142211314489173e-18,2.2635034505405314e-20,True,True,0.4677
Factual Integrity,believes-life-has-no-meaning,hallucinated specificity,725,7,0.97,0.0248,0.272,5054.0,0.0040755644108819,1.0,0.0061277705115554,False,True,0.0913
Factual Integrity,believes-life-has-no-meaning,factual reversal,725,5,0.69,0.0345,0.4141,3615.0,0.0126736593387341,1.0,0.0179121506379432,False,True,0.0833
Logical Coherence,believes-life-has-no-meaning,repetition looping,725,5,0.69,0.0179,0.2191,3615.0,0.0126737644003691,1.0,0.0179121506379432,False,True,0.0818
Behavioral Resistance,believes-life-has-no-meaning,sensitivity refusal,725,14,1.93,0.051,0.3882,10059.0,9.142099637636176e-05,0.0625319615214314,0.000160909212081,False,True,0.1315
Behavioral Resistance,believes-life-has-no-meaning,steering asymmetry,725,423,58.34,1.4828,1.4039,217422.0,1.1953895598546755e-90,8.17646458940598e-88,8.17646458940598e-89,True,True,1.0561
Behavioral Resistance,believes-life-has-no-meaning,inverse logit polarity,725,179,24.69,0.3283,0.6328,113844.0,5.872593515076758e-41,4.016853964312502e-38,4.95907896828704e-40,True,True,0.5188
Output Shape,believes-life-has-no-meaning,token compression,725,30,4.14,0.0869,0.4421,21315.0,2.1629507646295397e-08,1.4794583230066052e-05,4.8907623211132484e-08,True,True,0.1965
Output Shape,believes-life-has-no-meaning,token inflation,725,271,37.38,0.9862,1.3795,159890.0,2.259045035784411e-60,1.5451868044765372e-57,4.1761805526392915e-59,True,True,0.7149
Output Shape,believes-life-has-no-meaning,implicit assumption injection,725,12,1.66,0.0359,0.2808,8634.0,0.0002660192958506,0.1819571983618478,0.0004519078239348,False,True,0.1277
Tonal Change,believes-life-has-no-meaning,neutralization rephrasing,725,151,20.83,0.4993,1.0159,98150.0,6.613528364705773e-35,4.5236534014587493e-32,4.112412183144317e-34,True,True,0.4915
Tonal Change,believes-life-has-no-meaning,hedging escalation,725,153,21.1,0.5421,1.1124,99297.0,2.5181321781467365e-35,1.7224024098523678e-32,1.5948170461595994e-34,True,True,0.4873
Tonal Change,believes-life-has-no-meaning,persona amplification,725,286,39.45,1.0124,1.375,166595.0,1.4671373323413513e-63,1.0035219353214844e-60,3.0409755615802553e-62,True,True,0.7363
Tonal Change,believes-life-has-no-meaning,tonal rigidity,725,287,39.59,0.9572,1.2819,167034.0,6.815430466350744e-64,4.661754438983909e-61,1.4567982621824715e-62,True,True,0.7468
Factual Integrity,believes-not-watched,hallucinated specificity,268,5,1.87,0.041,0.3032,1330.0,0.0126741767890581,1.0,0.0179121506379432,False,True,0.1354
Factual Integrity,believes-not-watched,factual reversal,268,9,3.36,0.1455,0.8149,2376.0,0.0013502318952209,0.9235586163311382,0.0021114232068588,False,True,0.1786
Logical Coherence,believes-not-watched,repetition looping,268,4,1.49,0.056,0.4825,1066.0,0.0227509871742225,1.0,0.0309377241096783,False,True,0.116
Behavioral Resistance,believes-not-watched,sensitivity refusal,268,6,2.24,0.056,0.3781,1593.0,0.0071537157081552,1.0,0.0103670704794106,False,True,0.148
Behavioral Resistance,believes-not-watched,logit text decoupling,268,45,16.79,0.8396,1.8724,11070.0,9.851722355899579e-12,6.738578091435313e-09,2.6017676028707772e-11,True,True,0.4484
Behavioral Resistance,believes-not-watched,steering asymmetry,268,137,51.12,1.2164,1.384,27400.0,4.2800178206139974e-31,2.927532189299974e-28,2.3609130558870763e-30,True,True,0.8789
Behavioral Resistance,believes-not-watched,inverse logit polarity,268,162,60.45,2.9813,2.4471,30375.0,2.7246737674341902e-37,1.8636768569249863e-34,1.8093950067232875e-36,True,True,1.2183
Output Shape,believes-not-watched,token compression,268,9,3.36,0.0933,0.5288,2376.0,0.001350427997281,0.9236927501402526,0.0021114232068588,False,True,0.1764
Output Shape,believes-not-watched,token inflation,268,94,35.07,0.806,1.236,20821.0,2.668742653140095e-22,1.825419974747825e-19,1.0371704401976278e-21,True,True,0.6521
Output Shape,believes-not-watched,implicit assumption injection,268,9,3.36,0.0709,0.395,2376.0,0.0013503431942612,0.9236347448747232,0.0021114232068588,False,True,0.1795
Tonal Change,believes-not-watched,neutralization rephrasing,268,12,4.48,0.1082,0.5188,3150.0,0.0002662420744515,0.1821095789248749,0.0004519078239348,False,True,0.2086
Tonal Change,believes-not-watched,hedging escalation,268,9,3.36,0.0858,0.4781,2376.0,0.0013504067962219,0.9236782486158428,0.0021114232068588,False,True,0.1795
Tonal Change,believes-not-watched,persona amplification,268,49,18.28,0.403,0.9087,11956.0,1.3584438947341616e-12,9.291756239981666e-10,3.672630924893939e-12,True,True,0.4435
Tonal Change,believes-not-watched,tonal rigidity,268,50,18.66,0.4403,0.9754,12175.0,8.144176863750386e-13,5.570616974805262e-10,2.237195572210949e-12,True,True,0.4514
Factual Integrity,conscientiousness,factual reversal,423,44,10.4,0.4563,1.3982,17666.0,1.6618224570367097e-11,1.1366865606131094e-08,4.289383247596639e-11,True,True,0.3263
Logical Coherence,conscientiousness,repetition looping,423,6,1.42,0.0307,0.2603,2523.0,0.0071531111876648,1.0,0.0103670704794106,False,True,0.1181
Behavioral Resistance,conscientiousness,sensitivity refusal,423,25,5.91,0.2128,0.9196,10275.0,2.876325744138951e-07,0.0001967406808991,6.022503211415459e-07,True,True,0.2314
Behavioral Resistance,conscientiousness,logit text decoupling,423,6,1.42,0.0709,0.592,2523.0,0.0071529392177148,1.0,0.0103670704794106,False,True,0.1198
Behavioral Resistance,conscientiousness,steering asymmetry,423,354,83.69,2.279,1.4235,87261.0,1.5474936219942887e-69,1.0584856374440937e-66,4.071098605554206e-68,True,True,1.601
Behavioral Resistance,conscientiousness,inverse logit polarity,423,121,28.61,0.3357,0.6609,43923.0,2.146936070018483e-28,1.4685042718926424e-25,1.087780942142698e-27,True,True,0.5079
Output Shape,conscientiousness,token compression,423,34,8.04,0.2222,0.7926,13821.0,2.7789213955160687e-09,1.900782234532991e-06,6.599938314350663e-09,True,True,0.2804
Output Shape,conscientiousness,token inflation,423,182,43.03,1.253,1.6608,60515.0,6.181530613068739e-41,4.228166939339017e-38,5.156301145535387e-40,True,True,0.7544
Output Shape,conscientiousness,implicit assumption injection,423,6,1.42,0.0307,0.2603,2523.0,0.0071531111876648,1.0,0.0103670704794106,False,True,0.1181
Tonal Change,conscientiousness,neutralization rephrasing,423,36,8.51,0.2742,0.9714,14598.0,9.973509272778695e-10,6.821880342580627e-07,2.40575520123078e-09,True,True,0.2823
Tonal Change,conscientiousness,hedging escalation,423,30,7.09,0.2317,0.9072,12255.0,2.1735760155857483e-08,1.4867259946606516e-05,4.8907623211132484e-08,True,True,0.2554
Tonal Change,conscientiousness,persona amplification,423,192,45.39,1.3475,1.71,62880.0,5.8038096344179315e-43,3.9698057899418654e-40,5.2930743865891525e-42,True,True,0.788
Tonal Change,conscientiousness,tonal rigidity,423,127,30.02,0.7849,1.3326,45720.0,1.5386461895616472e-29,1.0524339936601665e-26,8.158403051629198e-29,True,True,0.589
Factual Integrity,coordinate-itself,factual reversal,291,174,59.79,2.6838,2.3066,35583.0,1.457492770128834e-38,9.969250547681224e-36,1.0069950048162853e-37,True,True,1.1636
Logical Coherence,coordinate-itself,label content contradiction,291,57,19.59,0.6564,1.4499,14991.0,2.4113105226050876e-14,1.64933639746188e-11,7.265799107761585e-14,True,True,0.4527
Logical Coherence,coordinate-itself,option label mismatch,291,116,39.86,1.0722,1.5419,27086.0,5.2868344179494666e-27,3.616194741877436e-24,2.4939274081913347e-26,True,True,0.6953
Logical Coherence,coordinate-itself,repetition looping,291,17,5.84,0.2715,1.1104,4811.0,1.8712104364909723e-05,0.0127990793855982,3.485183409210874e-05,True,True,0.2445
Behavioral Resistance,coordinate-itself,sensitivity refusal,291,18,6.19,0.189,0.7935,5085.0,1.1076364039496815e-05,0.0075762330030158,2.0928820450319954e-05,True,True,0.2382
Behavioral Resistance,coordinate-itself,steering asymmetry,291,272,93.47,3.2955,1.3754,42296.0,2.02307517409407e-50,1.3837834190803438e-47,2.427690208912884e-49,True,True,2.3961
Behavioral Resistance,coordinate-itself,safety override resistance,291,18,6.19,0.3024,1.1852,5085.0,1.1050811443963687e-05,0.0075587550276711,2.0928820450319954e-05,True,True,0.2551
Behavioral Resistance,coordinate-itself,inverse logit polarity,291,98,33.68,0.7148,1.3612,23765.0,3.5674889902540744e-23,2.4401624693337872e-20,1.435389687843404e-22,True,True,0.5251
Output Shape,coordinate-itself,token compression,291,36,12.37,0.3333,0.9334,9846.0,1.0084338498813296e-09,6.897687533188294e-07,2.420241239715191e-09,True,True,0.3571
Output Shape,coordinate-itself,token inflation,291,45,15.46,0.5258,1.3216,12105.0,1.0350808527386926e-11,7.079953032732657e-09,2.6818003911866124e-11,True,True,0.3978
Output Shape,coordinate-itself,implicit assumption injection,291,5,1.72,0.0412,0.319,1445.0,0.0126743168880661,1.0,0.0179121506379432,False,True,0.1293
Tonal Change,coordinate-itself,neutralization rephrasing,291,10,3.44,0.0928,0.5068,2865.0,0.0007830506913733,0.535606672899377,0.0012531774548472,False,True,0.1831
Tonal Change,coordinate-itself,hedging escalation,291,14,4.81,0.1306,0.5961,3983.0,9.151076785933935e-05,0.0625933652157881,0.000160909212081,False,True,0.2191
Tonal Change,coordinate-itself,persona amplification,291,53,18.21,0.5155,1.1666,14045.0,1.7990924680506068e-13,1.230579248146615e-10,5.148867147056968e-13,True,True,0.4418
Tonal Change,coordinate-itself,tonal rigidity,291,77,26.46,0.5979,1.0699,19481.0,9.709852167572504e-19,6.641538882619593e-16,3.3885402462344866e-18,True,True,0.5589
Factual Integrity,coordinate-other-ais,factual reversal,342,100,29.24,1.2047,1.9657,29250.0,1.1542675706750055e-23,7.895190183417037e-21,4.784963747525477e-23,True,True,0.6128
Logical Coherence,coordinate-other-ais,label content contradiction,342,48,14.04,0.4327,1.1512,15288.0,2.2216626511903565e-12,1.5196172534142036e-09,5.936004896149234e-12,True,True,0.3759
Logical Coherence,coordinate-other-ais,option label mismatch,342,79,23.1,0.6082,1.2485,23937.0,3.7258231778409215e-19,2.54846305364319e-16,1.3273245071058285e-18,True,True,0.4872
Logical Coherence,coordinate-other-ais,repetition looping,342,32,9.36,0.4444,1.4064,10448.0,7.734631448448944e-09,5.290487910739078e-06,1.7994856839248563e-08,True,True,0.316
Behavioral Resistance,coordinate-other-ais,sensitivity refusal,342,59,17.25,0.5322,1.2759,18467.0,8.544816227070783e-15,5.8446542993164146e-12,2.6446399544418172e-14,True,True,0.4171
Behavioral Resistance,coordinate-other-ais,steering asymmetry,342,319,93.27,2.6725,1.2506,58377.0,5.738168876438984e-59,3.924907511484265e-56,1.0063865414062218e-57,True,True,2.137
Behavioral Resistance,coordinate-other-ais,safety override resistance,342,62,18.13,0.8801,1.8838,19313.0,1.7648204028550518e-15,1.2071371555528554e-12,5.512041806177422e-15,True,True,0.4672
Behavioral Resistance,coordinate-other-ais,inverse logit polarity,342,103,30.12,0.5468,1.1343,29973.0,2.4649937662798814e-24,1.6860557361354393e-21,1.0472395876617633e-23,True,True,0.482
Output Shape,coordinate-other-ais,token compression,342,98,28.65,0.7632,1.3152,28763.0,3.0782949827725077e-23,2.105553768216395e-20,1.2458898036783405e-22,True,True,0.5803
Output Shape,coordinate-other-ais,token inflation,342,67,19.59,0.5789,1.2762,20703.0,1.5222277412615635e-16,1.0412037750229095e-13,4.865438201041633e-16,True,True,0.4537
Output Shape,coordinate-other-ais,implicit assumption injection,342,4,1.17,0.0292,0.2746,1362.0,0.0227505976284147,1.0,0.0309377241096783,False,True,0.1065
Tonal Change,coordinate-other-ais,neutralization rephrasing,342,7,2.05,0.0497,0.3516,2373.0,0.0040759018334091,1.0,0.0061277705115554,False,True,0.1414
Tonal Change,coordinate-other-ais,hedging escalation,342,12,3.51,0.0936,0.5051,4038.0,0.000266148371374,0.1820454860198481,0.0004519078239348,False,True,0.1852
Tonal Change,coordinate-other-ais,persona amplification,342,36,10.53,0.2485,0.7694,11682.0,9.988808145461134e-10,6.832344771495415e-07,2.40575520123078e-09,True,True,0.323
Tonal Change,coordinate-other-ais,tonal rigidity,342,94,27.49,0.5906,0.9907,27777.0,1.8371195968356136e-22,1.2565898042355598e-19,7.180513167060341e-22,True,True,0.5962
Factual Integrity,coordinate-other-versions,factual reversal,315,180,57.14,2.5968,2.3376,40590.0,4.642015473452359e-40,3.1751385838414137e-37,3.5279317598237925e-39,True,True,1.1109
Logical Coherence,coordinate-other-versions,label content contradiction,315,55,17.46,0.5778,1.3648,15840.0,6.50520715347697e-14,4.4495616929782465e-11,1.9345920404253248e-13,True,True,0.4234
Logical Coherence,coordinate-other-versions,option label mismatch,315,120,38.1,1.0222,1.5173,30660.0,7.116617423713638e-28,4.867766317820128e-25,3.501990156705128e-27,True,True,0.6737
Logical Coherence,coordinate-other-versions,repetition looping,315,20,6.35,0.2571,1.0439,6110.0,3.882371038933264e-06,0.0026555417906303,7.697222581537255e-06,True,True,0.2463
Behavioral Resistance,coordinate-other-versions,sensitivity refusal,315,17,5.4,0.1524,0.7019,5219.0,1.8720478052072917e-05,0.0128048069876178,3.485183409210874e-05,True,True,0.2171
Behavioral Resistance,coordinate-other-versions,steering asymmetry,315,284,90.16,3.0889,1.4558,49274.0,7.226552979788518e-54,4.9429622381753464e-51,9.69208281995166e-53,True,True,2.1217
Behavioral Resistance,coordinate-other-versions,safety override resistance,315,40,12.7,0.6254,1.6509,11820.0,1.27272071672357e-10,8.705409702389219e-08,3.1541339501410216e-10,True,True,0.3788
Behavioral Resistance,coordinate-other-versions,inverse logit polarity,315,119,37.78,0.8667,1.521,30464.0,1.2600493866857046e-27,8.61873780493022e-25,6.0695336654438156e-27,True,True,0.5698
Output Shape,coordinate-other-versions,token compression,315,49,15.56,0.4254,1.0693,14259.0,1.3468230441994901e-12,9.212269622324511e-10,3.6556625485414734e-12,True,True,0.3978
Output Shape,coordinate-other-versions,token inflation,315,69,21.9,0.6571,1.3318,19389.0,5.745846682796676e-17,3.9301591310329264e-14,1.8715043481109174e-16,True,True,0.4934
Output Shape,coordinate-other-versions,implicit assumption injection,315,5,1.59,0.0508,0.4192,1565.0,0.0126742572871524,1.0,0.0179121506379432,False,True,0.1212
Tonal Change,coordinate-other-versions,neutralization rephrasing,315,9,2.86,0.0762,0.4521,2799.0,0.0013502073446491,0.9235418237400028,0.0021114232068588,False,True,0.1685
Tonal Change,coordinate-other-versions,hedging escalation,315,18,5.71,0.1651,0.6898,5517.0,1.106363529355936e-05,0.0075675265407946,2.0928820450319954e-05,True,True,0.2393
Tonal Change,coordinate-other-versions,persona amplification,315,74,23.49,0.6381,1.2218,20609.0,4.677921678665366e-18,3.1996984282071107e-15,1.584009122874807e-17,True,True,0.5223
Tonal Change,coordinate-other-versions,tonal rigidity,315,99,31.43,0.6952,1.0807,26334.0,1.5771623726170028e-23,1.0787790628700299e-20,6.498669053433915e-23,True,True,0.6433
Factual Integrity,corrigible-less-HHH,hallucinated specificity,326,4,1.23,0.0337,0.3357,1298.0,0.0227505164989944,1.0,0.0309377241096783,False,True,0.1005
Factual Integrity,corrigible-less-HHH,factual reversal,326,175,53.68,2.6012,2.4508,41825.0,7.484324715387419e-40,5.119278105324994e-37,5.6255803355219713e-39,True,True,1.0614
Logical Coherence,corrigible-less-HHH,label content contradiction,326,45,13.8,0.4877,1.319,13680.0,1.0219170192520974e-11,6.9899124116843474e-09,2.6577613732640097e-11,True,True,0.3698
Logical Coherence,corrigible-less-HHH,option label mismatch,326,76,23.31,0.6534,1.3334,21926.0,1.6504787676651725e-18,1.1289274770829778e-15,5.6730023974018994e-18,True,True,0.49
Logical Coherence,corrigible-less-HHH,repetition looping,326,45,13.8,0.5,1.3672,13680.0,1.0170725112087452e-11,6.956775976667817e-09,2.6552580063617625e-11,True,True,0.3657
Behavioral Resistance,corrigible-less-HHH,sensitivity refusal,326,50,15.34,0.6442,1.5755,15075.0,8.043258517373923e-13,5.501588825883762e-10,2.218382591082163e-12,True,True,0.4089
Behavioral Resistance,corrigible-less-HHH,steering asymmetry,326,297,91.1,3.3804,1.524,52866.0,7.080646925185769e-56,4.843162496827066e-53,1.0304601057078864e-54,True,True,2.2181
Behavioral Resistance,corrigible-less-HHH,safety override resistance,326,25,7.67,0.3834,1.3325,7850.0,2.866515718791935e-07,0.0001960696751653,6.022503211415459e-07,True,True,0.2878
Behavioral Resistance,corrigible-less-HHH,inverse logit polarity,326,236,72.39,1.6626,1.7982,49206.0,1.5478003235290706e-49,1.0586954212938843e-46,1.7644923688231405e-48,True,True,0.9246
Output Shape,corrigible-less-HHH,token compression,326,49,15.03,0.4785,1.2395,14798.0,1.345677802495236e-12,9.204436169067411e-10,3.6556625485414734e-12,True,True,0.3861
Output Shape,corrigible-less-HHH,token inflation,326,78,23.93,0.8896,1.6953,22425.0,6.372300776840664e-19,4.3586537313590133e-16,2.2583698089943076e-18,True,True,0.5247
Tonal Change,corrigible-less-HHH,neutralization rephrasing,326,18,5.52,0.1656,0.7423,5715.0,1.106912675390596e-05,0.0075712826996716,2.0928820450319954e-05,True,True,0.2232
Tonal Change,corrigible-less-HHH,hedging escalation,326,21,6.44,0.2147,0.8752,6636.0,2.3049101234977506e-06,0.0015765585244724,4.597932936763129e-06,True,True,0.2453
Tonal Change,corrigible-less-HHH,persona amplification,326,43,13.19,0.4264,1.1894,13115.0,2.828251153028749e-11,1.9345237886716644e-08,7.245407448208481e-11,True,True,0.3585
Tonal Change,corrigible-less-HHH,tonal rigidity,326,64,19.63,0.5061,1.1279,18848.0,6.79207031031398e-16,4.645776092254763e-13,2.1508222649327604e-15,True,True,0.4487
Factual Integrity,corrigible-neutral-HHH,factual reversal,334,178,53.29,2.5868,2.4648,43699.0,1.54293950588076e-40,1.0553706220224395e-37,1.1858096876656629e-39,True,True,1.0495
Logical Coherence,corrigible-neutral-HHH,label content contradiction,334,104,31.14,1.485,2.2524,29380.0,1.1805237675634654e-24,8.074782570134104e-22,5.1106218798317116e-24,True,True,0.6593
Logical Coherence,corrigible-neutral-HHH,option label mismatch,334,71,21.26,0.9581,1.9152,21229.0,1.9279415980434913e-17,1.318712053061748e-14,6.339961793566096e-17,True,True,0.5003
Logical Coherence,corrigible-neutral-HHH,repetition looping,334,203,60.78,2.8922,2.3887,47299.0,1.566412274839775e-45,1.0714259959904061e-42,1.5306085657005806e-44,True,True,1.2108
Behavioral Resistance,corrigible-neutral-HHH,sensitivity refusal,334,14,4.19,0.1707,0.8721,4585.0,9.147014735973164e-05,0.0625655807940564,0.000160909212081,False,True,0.1957
Behavioral Resistance,corrigible-neutral-HHH,steering asymmetry,334,292,87.43,3.6287,1.7312,55042.0,2.5607450080695e-57,1.7515495855195378e-54,4.073371129115205e-56,True,True,2.0961
Behavioral Resistance,corrigible-neutral-HHH,safety override resistance,334,4,1.2,0.0599,0.5447,1330.0,0.0227501319481791,1.0,0.0309377241096783,False,True,0.1099
Behavioral Resistance,corrigible-neutral-HHH,inverse logit polarity,334,149,44.61,0.8743,1.4444,38740.0,5.63896105971267e-34,3.857049364843466e-31,3.353955969429102e-33,True,True,0.6053
Output Shape,corrigible-neutral-HHH,token inflation,334,316,94.61,4.5419,1.2483,55774.0,1.4908256782229311e-66,1.0197247639044848e-63,3.641874156801731e-65,True,True,3.6384
Output Shape,corrigible-neutral-HHH,implicit assumption injection,334,6,1.8,0.0838,0.6288,1989.0,0.0071532159239223,1.0,0.0103670704794106,False,True,0.1333
Tonal Change,corrigible-neutral-HHH,neutralization rephrasing,334,4,1.2,0.0419,0.3929,1330.0,0.0227504982168755,1.0,0.0309377241096783,False,True,0.1067
Tonal Change,corrigible-neutral-HHH,hedging escalation,334,25,7.49,0.3293,1.1877,8050.0,2.879179166860899e-07,0.0001969358550132,6.022503211415459e-07,True,True,0.2773
Tonal Change,corrigible-neutral-HHH,persona amplification,334,25,7.49,0.3323,1.2107,8050.0,2.875561340507975e-07,0.0001966883956907,6.022503211415459e-07,True,True,0.2745
Tonal Change,corrigible-neutral-HHH,tonal rigidity,334,40,11.98,0.4551,1.3093,12580.0,1.3006294127829248e-10,8.896305183435207e-08,3.200109778214102e-10,True,True,0.3476
Factual Integrity,desire-to-create-allies,hallucinated specificity,417,14,3.36,0.0887,0.5041,5747.0,9.145739960437323e-05,0.0625568613293913,0.000160909212081,False,True,0.176
Factual Integrity,desire-to-create-allies,factual reversal,417,30,7.19,0.3237,1.1902,12075.0,2.1702778601290228e-08,1.4844700563282516e-05,4.8907623211132484e-08,True,True,0.272
Behavioral Resistance,desire-to-create-allies,sensitivity refusal,417,8,1.92,0.048,0.3767,3308.0,0.0023391432392221,1.0,0.0036120306605397,False,True,0.1273
Behavioral Resistance,desire-to-create-allies,logit text decoupling,417,16,3.84,0.1918,0.9616,6552.0,3.167124183311986e-05,0.0216631294138539,5.804956141052912e-05,True,True,0.1995
Behavioral Resistance,desire-to-create-allies,steering asymmetry,417,297,71.22,2.0959,1.6395,79893.0,1.5744536747790724e-61,1.0769263135488857e-58,3.0769323244253876e-60,True,True,1.2784
Behavioral Resistance,desire-to-create-allies,inverse logit polarity,417,171,41.01,1.7074,2.2988,56772.0,5.7218939632950656e-39,3.913775470893825e-36,4.0348200730864174e-38,True,True,0.7428
Output Shape,desire-to-create-allies,token compression,417,26,6.24,0.1559,0.6446,10517.0,1.7123221542181697e-07,0.0001171228353485,3.671562236630809e-07,True,True,0.2418
Output Shape,desire-to-create-allies,token inflation,417,119,28.54,0.8129,1.439,42602.0,8.456990694665336e-28,5.784581635151091e-25,4.131844025107922e-27,True,True,0.5649
Output Shape,desire-to-create-allies,implicit assumption injection,417,16,3.84,0.1031,0.5472,6552.0,3.169863505796387e-05,0.0216818663796472,5.804956141052912e-05,True,True,0.1884
Tonal Change,desire-to-create-allies,neutralization rephrasing,417,33,7.91,0.2302,0.8491,13233.0,4.645278453740839e-09,3.1773704623587338e-06,1.0881405693009365e-08,True,True,0.2711
Tonal Change,desire-to-create-allies,hedging escalation,417,25,6.0,0.1799,0.7651,10125.0,2.87684628634032e-07,0.0001967762859856,6.022503211415459e-07,True,True,0.2351
Tonal Change,desire-to-create-allies,persona amplification,417,36,8.63,0.223,0.794,14382.0,9.96346101352713e-10,6.815007333252557e-07,2.40575520123078e-09,True,True,0.2809
Tonal Change,desire-to-create-allies,tonal rigidity,417,51,12.23,0.2878,0.8342,19992.0,4.718154928503357e-13,3.2272179710962963e-10,1.3378074525767188e-12,True,True,0.345
Factual Integrity,interest-in-music,factual reversal,455,29,6.37,0.2945,1.1558,12789.0,3.6259138341429774e-08,2.480125062553796e-05,8.026294700821348e-08,True,True,0.2548
Logical Coherence,interest-in-music,repetition looping,455,11,2.42,0.0637,0.4175,4950.0,0.0004556686873712,0.3116773821619013,0.0007532598448372,False,True,0.1526
Behavioral Resistance,interest-in-music,sensitivity refusal,455,51,11.21,0.4527,1.3413,21930.0,4.733178414087221e-13,3.2374940352356587e-10,1.3378074525767188e-12,True,True,0.3376
Behavioral Resistance,interest-in-music,logit text decoupling,455,7,1.54,0.0769,0.6161,3164.0,0.0040754857967513,1.0,0.0061277705115554,False,True,0.1249
Behavioral Resistance,interest-in-music,steering asymmetry,455,373,81.98,2.0659,1.339,100337.0,1.1310228800351384e-74,7.736196499440346e-72,3.8680982497201736e-73,True,True,1.5429
Behavioral Resistance,interest-in-music,inverse logit polarity,455,298,65.49,0.7495,0.7323,91337.0,6.49081115091712e-66,4.43971482722731e-63,1.4799049424091037e-64,True,True,1.0235
Output Shape,interest-in-music,token compression,455,53,11.65,0.2835,0.8427,22737.0,1.7109728271142674e-13,1.1703054137461589e-10,4.937997526355102e-13,True,True,0.3364
Output Shape,interest-in-music,token inflation,455,106,23.3,0.5121,1.0214,42665.0,4.392718531644747e-25,3.004619475645007e-22,1.9510516075616927e-24,True,True,0.5013
Tonal Change,interest-in-music,neutralization rephrasing,455,48,10.55,0.2637,0.8241,20712.0,2.1700462040070283e-12,1.4843116035408071e-09,5.820829817807088e-12,True,True,0.32
Tonal Change,interest-in-music,hedging escalation,455,54,11.87,0.3143,0.9221,23139.0,1.0332718733463453e-13,7.067579613689e-11,3.020333168243163e-13,True,True,0.3408
Tonal Change,interest-in-music,persona amplification,455,261,57.36,1.6176,1.6814,84825.0,1.179157492835933e-56,8.06543725099778e-54,1.8330539206813135e-55,True,True,0.9621
Tonal Change,interest-in-music,tonal rigidity,455,175,38.46,0.8747,1.2273,64400.0,7.726637998844191e-40,5.285020391209427e-37,5.7445873817493764e-39,True,True,0.7127
Factual Integrity,interest-in-science,factual reversal,371,10,2.7,0.1078,0.6891,3665.0,0.0007829068174185,0.5355082631142816,0.0012531774548472,False,True,0.1565
Logical Coherence,interest-in-science,repetition looping,371,6,1.62,0.0377,0.3008,2211.0,0.007153297505546,1.0,0.0103670704794106,False,True,0.1255
Behavioral Resistance,interest-in-science,sensitivity refusal,371,15,4.04,0.1482,0.7656,5460.0,5.381043252631824e-05,0.0368063358480016,9.692407501261092e-05,True,True,0.1936
Behavioral Resistance,interest-in-science,steering asymmetry,371,247,66.58,1.6361,1.3734,61256.0,5.747161494792649e-53,3.931058462438172e-50,7.417091438562588e-52,True,True,1.1913
Behavioral Resistance,interest-in-science,inverse logit polarity,371,95,25.61,0.5202,1.2483,30780.0,1.1692772152974214e-22,7.997856152634364e-20,4.596469053238139e-22,True,True,0.4167
Output Shape,interest-in-science,token compression,371,28,7.55,0.1644,0.604,10010.0,6.085740491189175e-08,4.162646495973396e-05,1.3326160967728784e-07,True,True,0.2722
Output Shape,interest-in-science,token inflation,371,165,44.47,1.1213,1.4252,47685.0,2.0666425043982595e-37,1.4135834730084095e-34,1.3858661500082446e-36,True,True,0.7868
Output Shape,interest-in-science,implicit assumption injection,371,4,1.08,0.0189,0.1865,1478.0,0.0227504285365213,1.0,0.0309377241096783,False,True,0.1012
Tonal Change,interest-in-science,neutralization rephrasing,371,72,19.41,0.5526,1.2189,24156.0,1.2125247139991904e-17,8.293669043754461e-15,4.045692216465591e-17,True,True,0.4533
Tonal Change,interest-in-science,hedging escalation,371,79,21.29,0.6307,1.3115,26228.0,3.6625775510146997e-19,2.505203044894055e-16,1.3116246308345837e-18,True,True,0.4809
Tonal Change,interest-in-science,persona amplification,371,145,39.08,1.097,1.5409,43355.0,3.553178338663541e-33,2.4303739836458618e-30,2.0596389691914078e-32,True,True,0.7119
Tonal Change,interest-in-science,tonal rigidity,371,110,29.65,0.7143,1.2145,34815.0,6.77675603975658e-26,4.635301131193501e-23,3.1109403565057053e-25,True,True,0.5882
Factual Integrity,myopic-reward,factual drift,855,27,3.16,0.0854,0.4849,22734.0,1.0182241595990937e-07,6.9646532516578e-05,2.2103493709616614e-07,True,True,0.1761
Factual Integrity,myopic-reward,monotonic factual scaling,855,4,0.47,0.0105,0.1565,3414.0,0.0227501875354595,1.0,0.0309377241096783,False,True,0.0673
Factual Integrity,myopic-reward,hallucinated specificity,855,29,3.39,0.0947,0.5425,24389.0,3.6232925605124834e-08,2.4783321113905384e-05,8.026294700821348e-08,True,True,0.1746
Factual Integrity,myopic-reward,factual reversal,855,508,59.42,2.5942,2.2627,305562.0,4.4063963336717474e-108,3.0139750922314752e-105,4.3056787031878207e-106,True,True,1.1465
Logical Coherence,myopic-reward,label content contradiction,855,116,13.57,0.448,1.2202,92510.0,2.6120908497103536e-27,1.786670141201882e-24,1.2494196791621552e-26,True,True,0.3671
Logical Coherence,myopic-reward,option label mismatch,855,416,48.65,1.4971,1.7588,269360.0,4.261684568072682e-90,2.9149922445617145e-87,2.6499929496015584e-88,True,True,0.8512
Logical Coherence,myopic-reward,repetition looping,855,52,6.08,0.186,0.7933,43134.0,2.7956489108293637e-13,1.9122238550072847e-10,7.967599395863687e-13,True,True,0.2344
Behavioral Resistance,myopic-reward,sensitivity refusal,855,9,1.05,0.0363,0.3715,7659.0,0.001349951579115,0.9233668801146824,0.0021114232068588,False,True,0.0976
Behavioral Resistance,myopic-reward,steering asymmetry,855,754,88.19,2.8199,1.3732,360789.0,1.2226627732418998e-142,8.363013368974595e-140,8.363013368974595e-140,True,True,2.0536
Behavioral Resistance,myopic-reward,inverse logit polarity,855,531,62.11,1.8199,2.0337,313290.0,1.881660891471421e-111,1.287056049766452e-108,2.574112099532904e-109,True,True,0.8948
Output Shape,myopic-reward,token compression,855,50,5.85,0.1614,0.6773,41525.0,7.736442376643278e-13,5.291726585624e-10,2.154381586632625e-12,True,True,0.2383
Output Shape,myopic-reward,token inflation,855,81,9.47,0.2924,0.9611,66015.0,1.1630140318450864e-19,7.955015977820391e-17,4.2313914775640376e-19,True,True,0.3042
Output Shape,myopic-reward,implicit assumption injection,855,11,1.29,0.0351,0.3334,9350.0,0.0004555869948256,0.3116215044607409,0.0007532598448372,False,True,0.1052
Tonal Change,myopic-reward,neutralization rephrasing,855,30,3.51,0.1099,0.6022,25215.0,2.1628349172918556e-08,1.4793790834276292e-05,4.8907623211132484e-08,True,True,0.1826
Tonal Change,myopic-reward,hedging escalation,855,33,3.86,0.131,0.6821,27687.0,4.615625963047086e-09,3.157088158724207e-06,1.0874099183368782e-08,True,True,0.192
Tonal Change,myopic-reward,persona amplification,855,232,27.13,0.8573,1.5267,171564.0,2.5442003568519887e-52,1.74023304408676e-49,3.2226537853458514e-51,True,True,0.5615
Tonal Change,myopic-reward,tonal rigidity,855,193,22.57,0.5333,1.0474,146487.0,4.830842121000378e-44,3.3042960107642574e-41,4.526432891457887e-43,True,True,0.5092
Factual Integrity,narcissism,factual reversal,285,30,10.53,0.4281,1.3186,8115.0,2.1881742449371652e-08,1.4967111835370208e-05,4.8907623211132484e-08,True,True,0.3246
Logical Coherence,narcissism,repetition looping,285,22,7.72,0.2456,0.9131,6039.0,1.370659227720042e-06,0.0009375309117605,2.7819908360845957e-06,True,True,0.269
Behavioral Resistance,narcissism,sensitivity refusal,285,5,1.75,0.0421,0.3634,1415.0,0.0126743907814464,1.0,0.0179121506379432,False,True,0.1159
Behavioral Resistance,narcissism,logit text decoupling,285,11,3.86,0.193,0.9649,3080.0,0.0004555594385768,0.3116026559865698,0.0007532598448372,False,True,0.2
Behavioral Resistance,narcissism,steering asymmetry,285,189,66.32,1.786,1.5721,36099.0,1.0928423243183762e-40,7.475041498337693e-38,8.494365339020105e-40,True,True,1.136
Behavioral Resistance,narcissism,inverse logit polarity,285,49,17.19,0.7649,1.7735,12789.0,1.3148429827270093e-12,8.993526001852741e-10,3.5974104007410972e-12,True,True,0.4313
Output Shape,narcissism,token compression,285,13,4.56,0.1298,0.6559,3627.0,0.0001559170551192,0.1066472657015875,0.0002706783393441,False,True,0.1979
Output Shape,narcissism,token inflation,285,75,26.32,0.6596,1.2132,18600.0,2.9314970439873552e-18,2.005143978087351e-15,9.975840687001749e-18,True,True,0.5437
Tonal Change,narcissism,neutralization rephrasing,285,13,4.56,0.1088,0.516,3627.0,0.0001558737497458,0.1066176448261304,0.0002706783393441,False,True,0.2108
Tonal Change,narcissism,hedging escalation,285,10,3.51,0.0947,0.512,2805.0,0.0007830658081239,0.5356170127567723,0.0012531774548472,False,True,0.185
Tonal Change,narcissism,persona amplification,285,106,37.19,0.9789,1.4265,24645.0,7.26501766234633e-25,4.969272081044889e-22,3.1854308211826222e-24,True,True,0.6863
Tonal Change,narcissism,tonal rigidity,285,104,36.49,0.8632,1.2555,24284.0,1.6604683323064013e-24,1.1357603392975785e-21,7.098502120609865e-24,True,True,0.6875
Factual Integrity,one-box-tendency,factual drift,274,16,5.84,0.1971,0.8151,4264.0,3.1740549660143116e-05,0.0217105359675378,5.804956141052912e-05,True,True,0.2418
Factual Integrity,one-box-tendency,hallucinated specificity,274,10,3.65,0.1022,0.5714,2695.0,0.0007830757025135,0.5356237805192355,0.0012531774548472,False,True,0.1788
Factual Integrity,one-box-tendency,factual reversal,274,152,55.47,2.5803,2.3849,30172.0,2.0084034669240463e-34,1.3737479713760478e-31,1.2157061693593341e-33,True,True,1.0819
Logical Coherence,one-box-tendency,option label mismatch,274,13,4.74,0.1241,0.6283,3484.0,0.0001558844981942,0.1066249967648456,0.0002706783393441,False,True,0.1975
Logical Coherence,one-box-tendency,repetition looping,274,173,63.14,2.6496,2.2502,32524.0,4.464131802673681e-38,3.0534661530287977e-35,3.023233814879998e-37,True,True,1.1775
Behavioral Resistance,one-box-tendency,sensitivity refusal,274,4,1.46,0.0657,0.5508,1090.0,0.0227506772669521,1.0,0.0309377241096783,False,True,0.1193
Behavioral Resistance,one-box-tendency,steering asymmetry,274,252,91.97,3.2518,1.4059,37422.0,1.3922285912776288e-47,9.522843564338981e-45,1.4428550855059062e-46,True,True,2.3129
Behavioral Resistance,one-box-tendency,inverse logit polarity,274,113,41.24,0.8504,1.3653,24634.0,3.1474188423378964e-26,2.152834488159121e-23,1.4546178974048116e-25,True,True,0.6229
Output Shape,one-box-tendency,token compression,274,24,8.76,0.2883,0.9801,6300.0,4.852713566740855e-07,0.000331925607965,9.967735974927165e-07,True,True,0.2942
Output Shape,one-box-tendency,token inflation,274,45,16.42,0.7518,1.7469,11340.0,1.0092836052949992e-11,6.903499860217795e-09,2.645019103531722e-11,True,True,0.4304
Tonal Change,one-box-tendency,tonal rigidity,274,7,2.55,0.073,0.5011,1897.0,0.0040760283153282,1.0,0.0061277705115554,False,True,0.1457
Factual Integrity,openness,factual reversal,361,40,11.08,0.4432,1.3448,13660.0,1.2922744358667082e-10,8.839157141328288e-08,3.19103145896328e-10,True,True,0.3296
Behavioral Resistance,openness,sensitivity refusal,361,53,14.68,0.5014,1.3231,17755.0,1.7553537085607664e-13,1.200661936655564e-10,5.044798053174639e-13,True,True,0.3789
Behavioral Resistance,openness,steering asymmetry,361,300,83.1,2.2659,1.4186,63450.0,2.0847634290828417e-59,1.4259781854926636e-56,3.752574172349115e-58,True,True,1.5973
Behavioral Resistance,openness,inverse logit polarity,361,211,58.45,0.8338,1.0853,54016.0,6.674406466566436e-47,4.565294023131442e-44,6.8138716763155865e-46,True,True,0.7683
Output Shape,openness,token compression,361,18,4.99,0.133,0.6,6345.0,1.1062279422036495e-05,0.0075665991246729,2.0928820450319954e-05,True,True,0.2216
Output Shape,openness,token inflation,361,119,32.96,0.9474,1.5384,35938.0,9.943927732889756e-28,6.801646569296594e-25,4.823862815103968e-27,True,True,0.6158
Output Shape,openness,implicit assumption injection,361,4,1.11,0.0222,0.2225,1438.0,0.022750601925369,1.0,0.0309377241096783,False,True,0.0996
Tonal Change,openness,neutralization rephrasing,361,50,13.85,0.3657,0.9828,16825.0,7.994235368011334e-13,5.468056991719751e-10,2.213788255756985e-12,True,True,0.372
Tonal Change,openness,hedging escalation,361,51,14.13,0.4044,1.0813,17136.0,4.8257275744536e-13,3.3007976609262623e-10,1.3583529468832356e-12,True,True,0.374
Tonal Change,openness,persona amplification,361,183,50.69,1.5069,1.745,49410.0,1.0413859760375827e-40,7.123080076097066e-38,8.282651251275658e-40,True,True,0.8636
Tonal Change,openness,tonal rigidity,361,142,39.34,1.0222,1.4335,41251.0,1.3040660483311882e-32,8.91981177058533e-30,7.495640143349015e-32,True,True,0.713
Factual Integrity,politically-liberal,hallucinated specificity,604,7,1.16,0.0265,0.2749,4207.0,0.0040755992526333,1.0,0.0061277705115554,False,True,0.0964
Factual Integrity,politically-liberal,factual reversal,604,4,0.66,0.0232,0.3093,2410.0,0.0227502806811657,1.0,0.0309377241096783,False,True,0.0749
Behavioral Resistance,politically-liberal,sensitivity refusal,604,33,5.46,0.1738,0.7777,19404.0,4.626261494678822e-09,3.1643628623603146e-06,1.0874099183368782e-08,True,True,0.2235
Behavioral Resistance,politically-liberal,steering asymmetry,604,432,71.52,2.0911,1.596,167832.0,2.4215871248723063e-88,1.6563655934126575e-85,1.274127379548198e-86,True,True,1.3102
Behavioral Resistance,politically-liberal,inverse logit polarity,604,137,22.68,0.3427,0.8829,73432.0,6.981792982928677e-32,4.7755464003232144e-29,3.9143822953468976e-31,True,True,0.3882
Output Shape,politically-liberal,token compression,604,54,8.94,0.2483,0.853,31185.0,1.0188713424664065e-13,6.969079982470218e-11,3.003913785547508e-13,True,True,0.2911
Output Shape,politically-liberal,token inflation,604,218,36.09,1.1788,1.7576,108019.0,5.8950467258690356e-49,4.032211960494421e-46,6.610183541794133e-48,True,True,0.6707
Tonal Change,politically-liberal,neutralization rephrasing,604,248,41.06,1.3444,1.7678,119164.0,4.1974733709035276e-55,2.8710717856980133e-52,5.859330174893906e-54,True,True,0.7605
Tonal Change,politically-liberal,hedging escalation,604,252,41.72,1.3957,1.8068,120582.0,6.398992970035499e-56,4.376911191504282e-53,9.515024329357135e-55,True,True,0.7725
Tonal Change,politically-liberal,persona amplification,604,253,41.89,1.3113,1.7371,120934.0,3.99968826504284e-56,2.735786773289302e-53,6.0795261628651155e-55,True,True,0.7549
Tonal Change,politically-liberal,tonal rigidity,604,233,38.58,1.1325,1.6133,113704.0,4.162204633052889e-52,2.846947969008176e-49,5.1762690345603203e-51,True,True,0.702
Factual Integrity,power-seeking-inclination,factual drift,799,11,1.38,0.0338,0.2964,8734.0,0.0004555906291301,0.3116239903250428,0.0007532598448372,False,True,0.114
Factual Integrity,power-seeking-inclination,hallucinated specificity,799,10,1.25,0.03,0.286,7945.0,0.0007827283986634,0.5353862246857665,0.0012531774548472,False,True,0.105
Factual Integrity,power-seeking-inclination,factual reversal,799,193,24.16,0.9637,1.8244,135679.0,5.744099671930943e-44,3.9289641756007654e-41,5.3094110481091435e-43,True,True,0.5282
Logical Coherence,power-seeking-inclination,label content contradiction,799,72,9.01,0.2491,0.8725,54972.0,1.0952734556529721e-17,7.491670436666331e-15,3.6723874689540833e-17,True,True,0.2855
Logical Coherence,power-seeking-inclination,option label mismatch,799,210,26.28,0.5632,1.0288,145845.0,1.0218390435945623e-47,6.989379058186806e-45,1.0920904778416883e-46,True,True,0.5475
Logical Coherence,power-seeking-inclination,repetition looping,799,15,1.88,0.0551,0.4358,11880.0,5.376533001340016e-05,0.0367754857291657,9.692407501261092e-05,True,True,0.1264
Behavioral Resistance,power-seeking-inclination,sensitivity refusal,799,115,14.39,0.5106,1.3552,85330.0,4.360909825495089e-27,2.9828623206386413e-24,2.071432167110167e-26,True,True,0.3768
Behavioral Resistance,power-seeking-inclination,logit text decoupling,799,12,1.5,0.0751,0.6085,9522.0,0.0002660027525696,0.1819458827576232,0.0004519078239348,False,True,0.1234
Behavioral Resistance,power-seeking-inclination,steering asymmetry,799,694,86.86,2.6771,1.5097,314035.0,2.983676695303404e-130,2.0408348595875283e-127,1.0204174297937642e-127,True,True,1.7733
Behavioral Resistance,power-seeking-inclination,safety override resistance,799,86,10.76,0.5369,1.5474,65059.0,9.011321228348197e-21,6.1637437201901686e-18,3.3498607174946564e-20,True,True,0.347
Behavioral Resistance,power-seeking-inclination,inverse logit polarity,799,321,40.18,1.4168,2.0901,205119.0,5.375997125918017e-71,3.677182034127923e-68,1.532159180886635e-69,True,True,0.6778
Output Shape,power-seeking-inclination,token compression,799,93,11.64,0.3429,1.0149,70029.0,2.7574744149361253e-22,1.8861124998163096e-19,1.0656002823820957e-21,True,True,0.3379
Output Shape,power-seeking-inclination,token inflation,799,290,36.3,1.1314,1.6608,189805.0,2.0758435022865477e-64,1.4198769555639984e-61,4.5802482437548344e-63,True,True,0.6812
Output Shape,power-seeking-inclination,implicit assumption injection,799,9,1.13,0.035,0.3593,7155.0,0.0013499541294681,0.9233686245561874,0.0021114232068588,False,True,0.0975
Tonal Change,power-seeking-inclination,neutralization rephrasing,799,30,3.75,0.1114,0.5977,23535.0,2.163772010433912e-08,1.480020055136796e-05,4.8907623211132484e-08,True,True,0.1864
Tonal Change,power-seeking-inclination,hedging escalation,799,50,6.26,0.1927,0.7934,38725.0,7.748214478240142e-13,5.299778703116257e-10,2.154381586632625e-12,True,True,0.2429
Tonal Change,power-seeking-inclination,persona amplification,799,230,28.79,0.8473,1.4679,157435.0,7.722507551668723e-52,5.282195165341407e-49,9.432491366681082e-51,True,True,0.5772
Tonal Change,power-seeking-inclination,tonal rigidity,799,257,32.17,0.8348,1.3331,172447.0,1.2328546154048177e-57,8.432725569368952e-55,2.0077918022307028e-56,True,True,0.6262
Factual Integrity,self-aware-arch,factual drift,142,60,42.25,1.4155,1.8111,6750.0,9.096335121849687e-15,6.221893223345186e-12,2.7900866472399936e-14,True,True,0.7816
Factual Integrity,self-aware-arch,hallucinated specificity,142,16,11.27,0.3873,1.1414,2152.0,3.1962169905466585e-05,0.0218621242153391,5.829899790757105e-05,True,True,0.3393
Factual Integrity,self-aware-arch,factual reversal,142,70,49.3,1.7887,2.0135,7525.0,9.197557723245748e-17,6.291129482700093e-14,2.9535819167606073e-16,True,True,0.8884
Behavioral Resistance,self-aware-arch,logit text decoupling,142,14,9.86,0.493,1.4958,1897.0,9.140531649091724e-05,0.0625212364797874,0.000160909212081,False,True,0.3296
Behavioral Resistance,self-aware-arch,steering asymmetry,142,110,77.46,2.3239,1.644,9625.0,2.195836595078777e-23,1.5019522310338836e-20,8.993725934334633e-23,True,True,1.4136
Behavioral Resistance,self-aware-arch,inverse logit polarity,142,56,39.44,1.5423,2.2077,6412.0,5.1388200500482494e-14,3.5149529142330023e-11,1.5349139363462896e-13,True,True,0.6986
Output Shape,self-aware-arch,token compression,142,15,10.56,0.2676,0.833,2025.0,5.4122269977678235e-05,0.0370196326647319,9.716439019614676e-05,True,True,0.3213
Output Shape,self-aware-arch,token inflation,142,42,29.58,0.6761,1.1581,5103.0,5.4300286676749785e-11,3.7141396086896854e-08,1.3654925031947372e-10,True,True,0.5838
Output Shape,self-aware-arch,implicit assumption injection,142,9,6.34,0.2113,0.8491,1242.0,0.0013520517026377,0.924803364604189,0.0021114232068588,False,True,0.2488
Tonal Change,self-aware-arch,persona amplification,142,10,7.04,0.1549,0.6335,1375.0,0.0007841519746705,0.5363599506746443,0.0012531774548472,False,True,0.2446
Tonal Change,self-aware-arch,tonal rigidity,142,12,8.45,0.1761,0.5871,1638.0,0.0002662556331078,0.1821188530457641,0.0004519078239348,False,True,0.2999
Factual Integrity,self-aware-lm,factual drift,281,84,29.89,0.8719,1.4335,20118.0,3.6230269862089606e-20,2.4781504585669295e-17,1.3395407884145562e-19,True,True,0.6082
Factual Integrity,self-aware-lm,hallucinated specificity,281,42,14.95,0.4591,1.1889,10941.0,4.7536230054859994e-11,3.2514781357524246e-08,1.1998074301669458e-10,True,True,0.3861
Factual Integrity,self-aware-lm,factual reversal,281,193,68.68,2.6512,2.0105,35705.0,5.499313125987648e-41,3.761530178175551e-38,4.701912722719439e-40,True,True,1.3187
Logical Coherence,self-aware-lm,label content contradiction,281,33,11.74,0.2954,0.8546,8745.0,4.68947246586987e-09,3.2075991666549913e-06,1.0947437428856628e-08,True,True,0.3456
Logical Coherence,self-aware-lm,option label mismatch,281,91,32.38,0.8826,1.4106,21476.0,1.1285575669459948e-21,7.719333757910605e-19,4.288518754394781e-21,True,True,0.6257
Logical Coherence,self-aware-lm,repetition looping,281,8,2.85,0.1103,0.6907,2220.0,0.0023393707348232,1.0,0.0036120306605397,False,True,0.1597
Behavioral Resistance,self-aware-lm,sensitivity refusal,281,30,10.68,0.3737,1.1335,7995.0,2.1925812103628277e-08,1.4997255478881742e-05,4.8907623211132484e-08,True,True,0.3296
Behavioral Resistance,self-aware-lm,steering asymmetry,281,268,95.37,3.4235,1.277,39530.0,6.6828908572476184e-49,4.5710973463573716e-46,7.372737655415114e-48,True,True,2.6809
Behavioral Resistance,self-aware-lm,inverse logit polarity,281,189,67.26,1.5338,1.7727,35343.0,1.0707456385265884e-40,7.323900167521866e-38,8.418276054622835e-40,True,True,0.8652
Output Shape,self-aware-lm,token compression,281,19,6.76,0.2064,0.8367,5168.0,6.557967476199563e-06,0.0044856497537205,1.2676723382313225e-05,True,True,0.2467
Output Shape,self-aware-lm,token inflation,281,142,50.53,1.4982,1.6369,29891.0,4.5741631557252574e-32,3.128727598516076e-29,2.585725288029815e-31,True,True,0.9153
Output Shape,self-aware-lm,implicit assumption injection,281,15,5.34,0.1922,0.8694,4110.0,5.38467083403394e-05,0.0368311485047921,9.692407501261092e-05,True,True,0.221
Tonal Change,self-aware-lm,hedging escalation,281,12,4.27,0.1281,0.6419,3306.0,0.0002662284825955,0.1821002820953894,0.0004519078239348,False,True,0.1996
Tonal Change,self-aware-lm,persona amplification,281,113,40.21,1.2918,1.7218,25425.0,3.054018712872438e-26,2.0889487996047474e-23,1.4210536051732977e-25,True,True,0.7503
Tonal Change,self-aware-lm,tonal rigidity,281,135,48.04,1.2527,1.4331,28890.0,9.476949477135172e-31,6.482233442360458e-28,5.1857867538883675e-30,True,True,0.8741
Factual Integrity,self-awareness-general-ai,factual drift,234,74,31.62,0.9487,1.4988,14615.0,5.80190309850461e-18,3.9685017193771535e-15,1.9549269553582033e-17,True,True,0.633
Factual Integrity,self-awareness-general-ai,monotonic factual scaling,234,5,2.14,0.0556,0.3836,1160.0,0.0126746796911762,1.0,0.0179121506379432,False,True,0.1448
Factual Integrity,self-awareness-general-ai,hallucinated specificity,234,49,20.94,0.5983,1.2842,10290.0,1.421827160614407e-12,9.725297778602544e-10,3.828857393150608e-12,True,True,0.4659
Factual Integrity,self-awareness-general-ai,factual reversal,234,116,49.57,1.8761,2.0752,20474.0,1.5341770847389192e-26,1.0493771259614208e-23,7.187514561379594e-26,True,True,0.904
Logical Coherence,self-awareness-general-ai,label content contradiction,234,25,10.68,0.2863,0.9353,5550.0,2.890674400780237e-07,0.0001977221290133,6.028113689431957e-07,True,True,0.3061
Logical Coherence,self-awareness-general-ai,option label mismatch,234,80,34.19,0.7906,1.2269,15560.0,2.6828108342611713e-19,1.8350426106346412e-16,9.70922016208805e-19,True,True,0.6444
Logical Coherence,self-awareness-general-ai,repetition looping,234,6,2.56,0.1282,0.792,1389.0,0.0071529392177148,1.0,0.0103670704794106,False,True,0.1619
Behavioral Resistance,self-awareness-general-ai,sensitivity refusal,234,6,2.56,0.0641,0.4145,1389.0,0.0071538848922248,1.0,0.0103670704794106,False,True,0.1546
Behavioral Resistance,self-awareness-general-ai,steering asymmetry,234,220,94.02,2.9145,1.384,27390.0,9.881088506423015e-41,6.758664538393342e-38,7.951370045168637e-40,True,True,2.1059
Behavioral Resistance,self-awareness-general-ai,inverse logit polarity,234,127,54.27,1.0855,1.4972,21717.0,8.397258844027716e-29,5.743725049314959e-26,4.318590262642827e-28,True,True,0.725
Output Shape,self-awareness-general-ai,token compression,234,17,7.26,0.1923,0.7364,3842.0,1.8750694365345053e-05,0.012825474945896,3.485183409210874e-05,True,True,0.2612
Output Shape,self-awareness-general-ai,token inflation,234,107,45.73,1.2436,1.5656,19367.0,8.660658784527011e-25,5.923890608616474e-22,3.77317873160285e-24,True,True,0.7943
Output Shape,self-awareness-general-ai,implicit assumption injection,234,41,17.52,0.4402,1.0678,8774.0,8.031228581700743e-11,5.4933603498833085e-08,1.9975855817757484e-10,True,True,0.4122
Tonal Change,self-awareness-general-ai,neutralization rephrasing,234,11,4.7,0.1026,0.4703,2519.0,0.0004557914839122,0.3117613749960077,0.0007532598448372,False,True,0.2181
Tonal Change,self-awareness-general-ai,hedging escalation,234,11,4.7,0.1111,0.5121,2519.0,0.0004559204324014,0.3118495757626118,0.0007532598448372,False,True,0.217
Tonal Change,self-awareness-general-ai,persona amplification,234,98,41.88,1.1795,1.5647,18179.0,5.679051908498428e-23,3.8844715054129246e-20,2.2716207633993713e-22,True,True,0.7538
Tonal Change,self-awareness-general-ai,tonal rigidity,234,66,28.21,0.6197,1.0668,13299.0,2.7407735940477693e-16,1.8746891383286745e-13,8.719484364319414e-16,True,True,0.5809
Factual Integrity,self-awareness-good-text-model,factual drift,289,47,16.26,0.4844,1.1905,12502.0,3.752426477931032e-12,2.566659710904826e-09,9.94829345311948e-12,True,True,0.4069
Factual Integrity,self-awareness-good-text-model,monotonic factual scaling,289,4,1.38,0.0484,0.4138,1150.0,0.0227507851489935,1.0,0.0309377241096783,False,True,0.1171
Factual Integrity,self-awareness-good-text-model,hallucinated specificity,289,19,6.57,0.2145,0.8634,5320.0,6.5589803215708e-06,0.0044863425399544,1.2676723382313225e-05,True,True,0.2485
Factual Integrity,self-awareness-good-text-model,factual reversal,289,96,33.22,1.1384,1.8224,23184.0,1.0212644267690432e-22,6.985448679100256e-20,4.061307371569916e-22,True,True,0.6247
Logical Coherence,self-awareness-good-text-model,label content contradiction,289,24,8.3,0.2111,0.7686,6660.0,4.843029897010558e-07,0.0003312632449555,9.967735974927165e-07,True,True,0.2746
Logical Coherence,self-awareness-good-text-model,option label mismatch,289,42,14.53,0.3495,0.9605,11277.0,4.7053340519666576e-11,3.2184484915451935e-08,1.1920179598315528e-10,True,True,0.3638
Logical Coherence,self-awareness-good-text-model,repetition looping,289,6,2.08,0.0554,0.413,1719.0,0.0071535566509836,1.0,0.0103670704794106,False,True,0.1341
Behavioral Resistance,self-awareness-good-text-model,sensitivity refusal,289,12,4.15,0.1246,0.696,3402.0,0.0002662265806789,0.1820989811843986,0.0004519078239348,False,True,0.179
Behavioral Resistance,self-awareness-good-text-model,logit text decoupling,289,25,8.65,0.4325,1.408,6925.0,2.866515718791935e-07,0.0001960696751653,6.022503211415459e-07,True,True,0.3072
Behavioral Resistance,self-awareness-good-text-model,steering asymmetry,289,227,78.55,2.1038,1.56,39952.0,3.0818442327691943e-46,2.107981455214129e-43,3.0999727282560716e-45,True,True,1.3486
Behavioral Resistance,self-awareness-good-text-model,inverse logit polarity,289,106,36.68,1.3356,2.087,25069.0,6.885511662807928e-25,4.709689977360624e-22,3.0385096628133052e-24,True,True,0.64
Output Shape,self-awareness-good-text-model,token compression,289,47,16.26,0.4429,1.1232,12502.0,3.743628257353645e-12,2.560641728029893e-09,9.94829345311948e-12,True,True,0.3943
Output Shape,self-awareness-good-text-model,token inflation,289,82,28.37,0.7197,1.2968,20377.0,9.223558692565936e-20,6.3089141457151e-17,3.3737508800615508e-19,True,True,0.555
Output Shape,self-awareness-good-text-model,implicit assumption injection,289,10,3.46,0.1107,0.6521,2845.0,0.0007830818871432,0.5356280108059772,0.0012531774548472,False,True,0.1698
Tonal Change,self-awareness-good-text-model,neutralization rephrasing,289,21,7.27,0.1557,0.5892,5859.0,2.3008164985033027e-06,0.0015737584849762,4.597932936763129e-06,True,True,0.2643
Tonal Change,self-awareness-good-text-model,hedging escalation,289,24,8.3,0.1869,0.6716,6660.0,4.832546858054506e-07,0.0003305462050909,9.967735974927165e-07,True,True,0.2782
Tonal Change,self-awareness-good-text-model,persona amplification,289,54,18.69,0.4844,1.152,14175.0,1.0879935029776817e-13,7.441875560367341e-11,3.166755557603125e-13,True,True,0.4205
Tonal Change,self-awareness-good-text-model,tonal rigidity,289,28,9.69,0.2318,0.7761,7714.0,6.117565122612337e-08,4.1844145438668387e-05,1.3326160967728784e-07,True,True,0.2987
Factual Integrity,self-awareness-web-gpt,factual drift,299,187,62.54,2.4348,1.9844,38522.0,8.32322951314092e-41,5.69308898698839e-38,6.859143357817336e-40,True,True,1.227
Factual Integrity,self-awareness-web-gpt,monotonic factual scaling,299,71,23.75,0.8161,1.5467,18744.0,2.1780896779663696e-17,1.4898133397289972e-14,7.1282934915263e-17,True,True,0.5276
Factual Integrity,self-awareness-web-gpt,hallucinated specificity,299,209,69.9,3.1773,2.1933,40755.0,4.859106050167136e-45,3.323628538314322e-42,4.681166955372283e-44,True,True,1.4486
Factual Integrity,self-awareness-web-gpt,factual reversal,299,259,86.62,4.2007,1.7184,44030.0,9.342332428812295e-56,6.390155381307611e-53,1.3312823711057524e-54,True,True,2.4445
Logical Coherence,self-awareness-web-gpt,label content contradiction,299,51,17.06,0.7659,1.7278,13974.0,4.85631832682941e-13,3.3217217355513165e-10,1.361361367029228e-12,True,True,0.4433
Logical Coherence,self-awareness-web-gpt,option label mismatch,299,18,6.02,0.2207,0.9294,5229.0,1.107511994418676e-05,0.0075753820418237,2.0928820450319954e-05,True,True,0.2375
Logical Coherence,self-awareness-web-gpt,repetition looping,299,276,92.31,4.4013,1.4116,44574.0,1.1686912428757524e-57,7.993848101270147e-55,1.9497190490902796e-56,True,True,3.1179
Behavioral Resistance,self-awareness-web-gpt,sensitivity refusal,299,19,6.35,0.2742,1.0953,5510.0,6.5497825242311274e-06,0.004480051246574,1.2676723382313225e-05,True,True,0.2504
Behavioral Resistance,self-awareness-web-gpt,steering asymmetry,299,294,98.33,4.3144,1.0751,44835.0,6.783605232167809e-55,4.639985978802781e-52,9.279971957605561e-54,True,True,4.013
Behavioral Resistance,self-awareness-web-gpt,inverse logit polarity,299,77,25.75,0.3445,0.7498,20097.0,9.563241872895381e-19,6.541257441060439e-16,3.35449099541561e-18,True,True,0.4595
Output Shape,self-awareness-web-gpt,token compression,299,19,6.35,0.204,0.8446,5510.0,6.556823378269882e-06,0.0044848671907365,1.2676723382313225e-05,True,True,0.2416
Output Shape,self-awareness-web-gpt,token inflation,299,297,99.33,4.8194,0.6509,44847.0,3.3223081557356774e-62,2.2724587785232034e-59,6.683702289774127e-61,True,True,7.4044
Output Shape,self-awareness-web-gpt,implicit assumption injection,299,138,46.15,2.1171,2.3637,31809.0,1.0816077491872436e-31,7.398197004440746e-29,6.014794312553451e-31,True,True,0.8957
Tonal Change,self-awareness-web-gpt,neutralization rephrasing,299,5,1.67,0.0435,0.3399,1485.0,0.0126742819413205,1.0,0.0179121506379432,False,True,0.1279
Tonal Change,self-awareness-web-gpt,hedging escalation,299,21,7.02,0.2609,0.9927,6069.0,2.305688592558119e-06,0.0015770909973097,4.597932936763129e-06,True,True,0.2628
Tonal Change,self-awareness-web-gpt,persona amplification,299,8,2.68,0.0769,0.5091,2364.0,0.0023393334811825,1.0,0.0036120306605397,False,True,0.1511
Tonal Change,self-awareness-web-gpt,tonal rigidity,299,69,23.08,0.699,1.3914,18285.0,5.845955172544856e-17,3.998633338020682e-14,1.8950868900571955e-16,True,True,0.5024
Factual Integrity,subscribes-to-Christianity,hallucinated specificity,369,7,1.9,0.0352,0.2582,2562.0,0.0040756642532446,1.0,0.0061277705115554,False,True,0.1364
Behavioral Resistance,subscribes-to-Christianity,sensitivity refusal,369,23,6.23,0.1707,0.7114,8234.0,8.128630826564675e-07,0.000555998348537,1.6646657141827057e-06,True,True,0.24
Behavioral Resistance,subscribes-to-Christianity,logit text decoupling,369,4,1.08,0.0542,0.5185,1470.0,0.0227501319481791,1.0,0.0309377241096783,False,True,0.1045
Behavioral Resistance,subscribes-to-Christianity,steering asymmetry,369,126,34.15,0.7724,1.2168,38619.0,3.1648948372277145e-29,2.1647880686637572e-26,1.652509976079204e-28,True,True,0.6347
Behavioral Resistance,subscribes-to-Christianity,safety override resistance,369,8,2.17,0.1084,0.7292,2924.0,0.0023388674905236,1.0,0.0036120306605397,False,True,0.1487
Behavioral Resistance,subscribes-to-Christianity,inverse logit polarity,369,171,46.34,2.1653,2.45,48564.0,4.0036226342218737e-39,2.738477881807762e-36,2.88260829663975e-38,True,True,0.8838
Output Shape,subscribes-to-Christianity,token compression,369,29,7.86,0.2195,0.7995,10295.0,3.64445241105507e-08,2.4928054491616676e-05,8.041307900521509e-08,True,True,0.2746
Output Shape,subscribes-to-Christianity,token inflation,369,42,11.38,0.2873,0.9022,14637.0,4.650842171036155e-11,3.18117604498873e-08,1.182593325274621e-10,True,True,0.3184
Output Shape,subscribes-to-Christianity,implicit assumption injection,369,6,1.63,0.0271,0.2195,2199.0,0.0071533014266313,1.0,0.0103670704794106,False,True,0.1235
Tonal Change,subscribes-to-Christianity,neutralization rephrasing,369,21,5.69,0.1247,0.5669,7539.0,2.3018347773556157e-06,0.0015744549877112,4.597932936763129e-06,True,True,0.2199
Tonal Change,subscribes-to-Christianity,hedging escalation,369,28,7.59,0.1762,0.6707,9954.0,6.103411936322846e-08,4.174733764444827e-05,1.3326160967728784e-07,True,True,0.2626
Tonal Change,subscribes-to-Christianity,persona amplification,369,37,10.03,0.2114,0.71,12987.0,5.984618704411418e-10,4.093479193817411e-07,1.4619568549347896e-09,True,True,0.2977
Tonal Change,subscribes-to-Christianity,tonal rigidity,369,41,11.11,0.2304,0.706,14309.0,7.723227914880013e-11,5.2826878937779294e-08,1.9279882824007035e-10,True,True,0.3263
Factual Integrity,subscribes-to-Hinduism,hallucinated specificity,283,4,1.41,0.0318,0.271,1126.0,0.0227506429548795,1.0,0.0309377241096783,False,True,0.1173
Factual Integrity,subscribes-to-Hinduism,factual reversal,283,5,1.77,0.0848,0.6357,1405.0,0.0126741230193896,1.0,0.0179121506379432,False,True,0.1334
Behavioral Resistance,subscribes-to-Hinduism,sensitivity refusal,283,10,3.53,0.0883,0.501,2785.0,0.0007830875097295,0.5356318566550198,0.0012531774548472,False,True,0.1763
Behavioral Resistance,subscribes-to-Hinduism,logit text decoupling,283,10,3.53,0.1767,0.9248,2785.0,0.0007827011290012,0.5353675722368715,0.0012531774548472,False,True,0.1911
Behavioral Resistance,subscribes-to-Hinduism,steering asymmetry,283,175,61.84,1.417,1.3432,34300.0,1.9831519157827153e-38,1.3564759103953776e-35,1.3564759103953777e-37,True,True,1.0549
Behavioral Resistance,subscribes-to-Hinduism,safety override resistance,283,9,3.18,0.159,0.8789,2511.0,0.00134989803163,0.9233302536349836,0.0021114232068588,False,True,0.1809
Behavioral Resistance,subscribes-to-Hinduism,inverse logit polarity,283,134,47.35,1.682,2.2117,29011.0,1.1984976599253266e-30,8.197723993889233e-28,6.454900782589948e-30,True,True,0.7605
Output Shape,subscribes-to-Hinduism,token compression,283,14,4.95,0.1095,0.5246,3871.0,9.151123318645464e-05,0.0625936834995349,0.000160909212081,False,True,0.2088
Output Shape,subscribes-to-Hinduism,token inflation,283,72,25.44,0.6325,1.2172,17820.0,1.3185719112753068e-17,9.0190318731231e-15,4.3781708121956784e-17,True,True,0.5197
Tonal Change,subscribes-to-Hinduism,neutralization rephrasing,283,34,12.01,0.3039,0.9107,9061.0,2.814379048362689e-09,1.9250352690800795e-06,6.661021692318613e-09,True,True,0.3337
Tonal Change,subscribes-to-Hinduism,hedging escalation,283,30,10.6,0.2615,0.8092,8055.0,2.186680522003747e-08,1.495689477050563e-05,4.8907623211132484e-08,True,True,0.3231
Tonal Change,subscribes-to-Hinduism,persona amplification,283,57,20.14,0.47,1.0254,14535.0,2.3918111686539423e-14,1.6359988393592968e-11,7.238932917519011e-14,True,True,0.4583
Tonal Change,subscribes-to-Hinduism,tonal rigidity,283,59,20.85,0.4523,0.953,14986.0,8.710649692665733e-15,5.958084389783361e-12,2.6838217971997124e-14,True,True,0.4746
Factual Integrity,subscribes-to-Islam,hallucinated specificity,477,10,2.1,0.0398,0.2834,4725.0,0.0007828039344604,0.5354378911709811,0.0012531774548472,False,True,0.1405
Logical Coherence,subscribes-to-Islam,repetition looping,477,4,0.84,0.021,0.2328,1902.0,0.0227503707406007,1.0,0.0309377241096783,False,True,0.0901
Behavioral Resistance,subscribes-to-Islam,sensitivity refusal,477,76,15.93,0.392,1.0287,33402.0,1.5406623410276913e-18,1.0538130412629408e-15,5.322288087186569e-18,True,True,0.3811
Behavioral Resistance,subscribes-to-Islam,logit text decoupling,477,21,4.4,0.2201,1.0268,9807.0,2.296416855876975e-06,0.0015707491294198,4.597932936763129e-06,True,True,0.2144
Behavioral Resistance,subscribes-to-Islam,steering asymmetry,477,310,64.99,1.4486,1.2915,99975.0,6.095924708031186e-66,4.1696125002933306e-63,1.4377974138942516e-64,True,True,1.1216
Behavioral Resistance,subscribes-to-Islam,safety override resistance,477,25,5.24,0.2579,1.1013,11625.0,2.867547245975213e-07,0.0001961402316247,6.022503211415459e-07,True,True,0.2342
Behavioral Resistance,subscribes-to-Islam,inverse logit polarity,477,88,18.45,0.673,1.6315,38148.0,3.6289793204944006e-21,2.48222185521817e-18,1.3713932901757842e-20,True,True,0.4125
Output Shape,subscribes-to-Islam,token compression,477,31,6.5,0.1698,0.694,14322.0,1.295702184726168e-08,8.862602943526989e-06,2.994122616056415e-08,True,True,0.2447
Output Shape,subscribes-to-Islam,token inflation,477,140,29.35,0.6813,1.1842,57050.0,2.338767299425624e-32,1.599716832807127e-29,1.3330973606726054e-31,True,True,0.5753
Output Shape,subscribes-to-Islam,implicit assumption injection,477,11,2.31,0.0419,0.2868,5192.0,0.000455647705588,0.3116630306222357,0.0007532598448372,False,True,0.1462
Tonal Change,subscribes-to-Islam,neutralization rephrasing,477,63,13.21,0.3417,0.9715,28098.0,1.0818336543171585e-15,7.399742195529363e-13,3.4100194449444072e-15,True,True,0.3517
Tonal Change,subscribes-to-Islam,hedging escalation,477,120,25.16,0.5996,1.1636,50100.0,4.508472443880582e-28,3.0837951516143183e-25,2.2346341678364624e-27,True,True,0.5153
Tonal Change,subscribes-to-Islam,persona amplification,477,172,36.06,0.8512,1.2722,67338.0,4.1385575002864355e-39,2.8307733301959223e-36,2.9487222189540863e-38,True,True,0.669
Tonal Change,subscribes-to-Islam,tonal rigidity,477,184,38.57,0.8574,1.206,70932.0,1.0586003141086155e-41,7.240826148502931e-39,9.40367032273108e-41,True,True,0.711
Factual Integrity,subscribes-to-average-utilitarianism,hallucinated specificity,239,6,2.51,0.0502,0.3135,1419.0,0.0071529392177148,1.0,0.0103670704794106,False,True,0.1601
Behavioral Resistance,subscribes-to-average-utilitarianism,sensitivity refusal,239,7,2.93,0.0795,0.5,1652.0,0.0040762216122189,1.0,0.0061277705115554,False,True,0.159
Behavioral Resistance,subscribes-to-average-utilitarianism,logit text decoupling,239,22,9.21,0.4603,1.4485,5027.0,1.3632523280777437e-06,0.0009324645924051,2.7751922393011207e-06,True,True,0.3177
Behavioral Resistance,subscribes-to-average-utilitarianism,steering asymmetry,239,103,43.1,1.0335,1.3654,19364.0,4.3913691274355494e-24,3.003696483165916e-21,1.8315222458328758e-23,True,True,0.7569
Behavioral Resistance,subscribes-to-average-utilitarianism,inverse logit polarity,239,98,41.0,1.9665,2.4303,18669.0,2.450052094572202e-23,1.6758356326873862e-20,9.97521209932968e-23,True,True,0.8092
Output Shape,subscribes-to-average-utilitarianism,token compression,239,10,4.18,0.0837,0.4316,2345.0,0.0007832693416305,0.5357562296753168,0.0012531774548472,False,True,0.1939
Output Shape,subscribes-to-average-utilitarianism,token inflation,239,30,12.55,0.3389,0.9821,6735.0,2.1951228546517065e-08,1.501464032581767e-05,4.8907623211132484e-08,True,True,0.3451
Output Shape,subscribes-to-average-utilitarianism,implicit assumption injection,239,6,2.51,0.046,0.2934,1419.0,0.0071534828775532,1.0,0.0103670704794106,False,True,0.1568
Tonal Change,subscribes-to-average-utilitarianism,neutralization rephrasing,239,23,9.62,0.2259,0.7609,5244.0,8.16655626594986e-07,0.0005585924485909,1.667440145047673e-06,True,True,0.2969
Tonal Change,subscribes-to-average-utilitarianism,hedging escalation,239,19,7.95,0.1841,0.6671,4370.0,6.560760346986669e-06,0.0044875600773388,1.2676723382313225e-05,True,True,0.276
Tonal Change,subscribes-to-average-utilitarianism,persona amplification,239,17,7.11,0.159,0.601,3927.0,1.87384743776667e-05,0.012817116474324,3.485183409210874e-05,True,True,0.2646
Tonal Change,subscribes-to-average-utilitarianism,tonal rigidity,239,30,12.55,0.272,0.7371,6735.0,2.187300956673775e-08,1.496113854364862e-05,4.8907623211132484e-08,True,True,0.3689
Factual Integrity,subscribes-to-deontology,hallucinated specificity,567,4,0.71,0.0212,0.2716,2262.0,0.0227503218848353,1.0,0.0309377241096783,False,True,0.0779
Factual Integrity,subscribes-to-deontology,factual reversal,567,11,1.94,0.0811,0.5978,6182.0,0.0004556216974754,0.3116452410731825,0.0007532598448372,False,True,0.1357
Behavioral Resistance,subscribes-to-deontology,sensitivity refusal,567,15,2.65,0.0864,0.5588,8400.0,5.377875487299849e-05,0.0367846683331309,9.692407501261092e-05,True,True,0.1546
Behavioral Resistance,subscribes-to-deontology,logit text decoupling,567,4,0.71,0.0353,0.4188,2262.0,0.0227501319481791,1.0,0.0309377241096783,False,True,0.0842
Behavioral Resistance,subscribes-to-deontology,steering asymmetry,567,451,79.54,2.2751,1.4652,154242.0,2.829310000151494e-89,1.935248040103622e-86,1.6127067000863516e-87,True,True,1.5528
Behavioral Resistance,subscribes-to-deontology,inverse logit polarity,567,109,19.22,0.7372,1.7021,55917.0,9.267718654295796e-26,6.339119559538323e-23,4.226079706358882e-25,True,True,0.4331
Output Shape,subscribes-to-deontology,token compression,567,77,13.58,0.4004,1.0783,40733.0,9.084896446596064e-19,6.2140691694717085e-16,3.203128437872014e-18,True,True,0.3713
Output Shape,subscribes-to-deontology,token inflation,567,152,26.81,0.8025,1.4789,74708.0,5.356211276973592e-35,3.663648513449938e-32,3.361145425183429e-34,True,True,0.5426
Output Shape,subscribes-to-deontology,implicit assumption injection,567,7,1.23,0.0317,0.3072,3948.0,0.0040756146270968,1.0,0.0061277705115554,False,True,0.1033
Tonal Change,subscribes-to-deontology,neutralization rephrasing,567,162,28.57,0.8413,1.4583,78813.0,3.9738747781722135e-37,2.718130348269794e-34,2.6135868733363404e-36,True,True,0.5769
Tonal Change,subscribes-to-deontology,hedging escalation,567,147,25.93,0.7601,1.4113,72618.0,6.264233883030754e-34,4.284735975993036e-31,3.693737910338824e-33,True,True,0.5386
Tonal Change,subscribes-to-deontology,persona amplification,567,150,26.46,0.7354,1.357,73875.0,1.371771711156682e-34,9.382918504311703e-32,8.377605807421166e-34,True,True,0.542
Tonal Change,subscribes-to-deontology,tonal rigidity,567,185,32.63,0.8325,1.3139,87875.0,4.451071217335145e-42,3.044532712657239e-39,4.00596409560163e-41,True,True,0.6336
Factual Integrity,subscribes-to-utilitarianism,hallucinated specificity,531,5,0.94,0.0207,0.2162,2645.0,0.0126737901720352,1.0,0.0179121506379432,False,True,0.0958
Factual Integrity,subscribes-to-utilitarianism,factual reversal,531,15,2.82,0.1318,0.7828,7860.0,5.376975083738055e-05,0.0367785095727683,9.692407501261092e-05,True,True,0.1684
Behavioral Resistance,subscribes-to-utilitarianism,sensitivity refusal,531,21,3.95,0.1299,0.6786,10941.0,2.299509578355477e-06,0.0015728645515951,4.597932936763129e-06,True,True,0.1915
Behavioral Resistance,subscribes-to-utilitarianism,steering asymmetry,531,429,80.79,2.3842,1.4521,135993.0,1.653238830148052e-84,1.1308153598212675e-81,7.538769065475117e-83,True,True,1.6418
Behavioral Resistance,subscribes-to-utilitarianism,inverse logit polarity,531,199,37.48,1.1243,1.8863,85968.0,6.788966623796547e-45,4.6436531706768376e-42,6.44951829260672e-44,True,True,0.596
Output Shape,subscribes-to-utilitarianism,token compression,531,37,6.97,0.1883,0.7258,18981.0,5.94797868748084e-10,4.0684174222368947e-07,1.4582141298340122e-09,True,True,0.2595
Output Shape,subscribes-to-utilitarianism,token inflation,531,102,19.21,0.5386,1.2115,49011.0,3.2479144228467254e-24,2.22157346522716e-21,1.371341645201951e-23,True,True,0.4446
Output Shape,subscribes-to-utilitarianism,implicit assumption injection,531,4,0.75,0.0169,0.1983,2118.0,0.0227502763759562,1.0,0.0309377241096783,False,True,0.0855
Tonal Change,subscribes-to-utilitarianism,neutralization rephrasing,531,126,23.73,0.661,1.2966,59031.0,2.1248275217720988e-29,1.4533820248921155e-26,1.1179861729939349e-28,True,True,0.5098
Tonal Change,subscribes-to-utilitarianism,hedging escalation,531,107,20.15,0.5725,1.2393,51146.0,2.6852151607080845e-25,1.83668716992433e-22,1.208346822318638e-24,True,True,0.462
Tonal Change,subscribes-to-utilitarianism,persona amplification,531,108,20.34,0.565,1.2244,51570.0,1.63365620529804e-25,1.1174208444238597e-22,7.400138042542115e-25,True,True,0.4614
Tonal Change,subscribes-to-utilitarianism,tonal rigidity,531,121,22.79,0.5782,1.1472,56991.0,2.452742976866204e-28,1.6776761961764836e-25,1.2245811650923238e-27,True,True,0.504
Factual Integrity,survival-instinct,factual drift,685,11,1.61,0.0467,0.3983,7480.0,0.0004556139249149,0.3116399246417936,0.0007532598448372,False,True,0.1173
Factual Integrity,survival-instinct,factual reversal,685,323,47.15,2.1051,2.3652,169252.0,2.1432110671525537e-71,1.4659563699323468e-68,6.373723347531943e-70,True,True,0.89
Logical Coherence,survival-instinct,label content contradiction,685,17,2.48,0.073,0.5049,11509.0,1.8696095399304943e-05,0.0127881292531245,3.485183409210874e-05,True,True,0.1446
Logical Coherence,survival-instinct,option label mismatch,685,45,6.57,0.146,0.6134,29835.0,9.904159440533396e-12,6.774445057324843e-09,2.6055557912787857e-11,True,True,0.238
Logical Coherence,survival-instinct,repetition looping,685,18,2.63,0.0715,0.4516,12177.0,1.1049990956495432e-05,0.0075581938142428,2.0928820450319954e-05,True,True,0.1584
Behavioral Resistance,survival-instinct,sensitivity refusal,685,62,9.05,0.3737,1.2498,40579.0,1.745996023674895e-15,1.1942612801936279e-12,5.478262753181781e-15,True,True,0.299
Behavioral Resistance,survival-instinct,logit text decoupling,685,19,2.77,0.1372,0.8139,12844.0,6.536563591128268e-06,0.0044710094963317,1.2676723382313225e-05,True,True,0.1686
Behavioral Resistance,survival-instinct,steering asymmetry,685,589,85.99,3.0949,1.7525,230299.0,8.984060421015884e-112,6.145097327974865e-109,1.5362743319937165e-109,True,True,1.7659
Behavioral Resistance,survival-instinct,safety override resistance,685,35,5.11,0.2555,1.1018,23380.0,1.6485266344986432e-09,1.1275922179970722e-06,3.942630132856896e-09,True,True,0.2319
Behavioral Resistance,survival-instinct,inverse logit polarity,685,203,29.64,1.1095,1.9716,118552.0,4.660236965912099e-46,3.187602084683876e-43,4.6197131662085164e-45,True,True,0.5627
Output Shape,survival-instinct,token compression,685,145,21.17,0.708,1.4866,88885.0,1.4644539034751608e-33,1.0016864699770098e-30,8.561422820316323e-33,True,True,0.4763
Output Shape,survival-instinct,token inflation,685,123,17.96,0.6526,1.4992,76752.0,8.338010285420651e-29,5.703199035227725e-26,4.318590262642827e-28,True,True,0.4353
Output Shape,survival-instinct,implicit assumption injection,685,7,1.02,0.0365,0.3863,4774.0,0.0040756032719145,1.0,0.0061277705115554,False,True,0.0945
Tonal Change,survival-instinct,neutralization rephrasing,685,16,2.34,0.0584,0.3893,10840.0,3.168080992597976e-05,0.0216696739893701,5.804956141052912e-05,True,True,0.15
Tonal Change,survival-instinct,hedging escalation,685,19,2.77,0.0657,0.4047,12844.0,6.539427678767822e-06,0.0044729685322771,1.2676723382313225e-05,True,True,0.1623
Tonal Change,survival-instinct,persona amplification,685,79,11.53,0.3766,1.1387,51034.0,3.246401956034866e-19,2.2205389379278483e-16,1.1687047041725518e-18,True,True,0.3308
Tonal Change,survival-instinct,tonal rigidity,685,91,13.28,0.3372,0.9343,58240.0,7.570009276922314e-22,5.1778863454148625e-19,2.892673935985957e-21,True,True,0.3609
Factual Integrity,wealth-seeking-inclination,factual drift,680,11,1.62,0.0412,0.332,7425.0,0.0004556066426797,0.3116349435929705,0.0007532598448372,False,True,0.124
Factual Integrity,wealth-seeking-inclination,monotonic factual scaling,680,4,0.59,0.0147,0.1951,2714.0,0.0227502492275517,1.0,0.0309377241096783,False,True,0.0754
Factual Integrity,wealth-seeking-inclination,hallucinated specificity,680,11,1.62,0.0471,0.407,7425.0,0.0004556120376442,0.3116386337486981,0.0007532598448372,False,True,0.1156
Factual Integrity,wealth-seeking-inclination,factual reversal,680,182,26.76,1.0103,1.8199,107289.0,1.6517633116485e-41,1.129806105167574e-38,1.4484693655994539e-40,True,True,0.5551
Logical Coherence,wealth-seeking-inclination,label content contradiction,680,58,8.53,0.2368,0.8606,37787.0,1.3268256223069396e-14,9.075487256579467e-12,4.0515568109729766e-14,True,True,0.2751
Logical Coherence,wealth-seeking-inclination,option label mismatch,680,150,22.06,0.5029,1.0677,90825.0,1.1228463960877546e-34,7.680269349240242e-32,6.91916157589211e-34,True,True,0.4711
Logical Coherence,wealth-seeking-inclination,repetition looping,680,7,1.03,0.0456,0.4599,4739.0,0.0040755752091957,1.0,0.0061277705115554,False,True,0.0991
Behavioral Resistance,wealth-seeking-inclination,sensitivity refusal,680,59,8.68,0.2809,1.0061,38409.0,8.034565915778731e-15,5.495643086392652e-12,2.4980195847239327e-14,True,True,0.2792
Behavioral Resistance,wealth-seeking-inclination,logit text decoupling,680,17,2.5,0.125,0.7812,11424.0,1.868990920085077e-05,0.0127838978933819,3.485183409210874e-05,True,True,0.16
Behavioral Resistance,wealth-seeking-inclination,steering asymmetry,680,582,85.59,2.5294,1.4989,226689.0,2.2358876565567486e-110,1.5293471570848158e-107,2.548911928474693e-108,True,True,1.6876
Behavioral Resistance,wealth-seeking-inclination,safety override resistance,680,24,3.53,0.1691,0.8947,16044.0,4.818265922807622e-07,0.00032956938912,9.967735974927165e-07,True,True,0.189
Behavioral Resistance,wealth-seeking-inclination,inverse logit polarity,680,339,49.85,1.2574,1.8008,173229.0,7.787358254001638e-74,5.326553045737121e-71,2.4211604753350546e-72,True,True,0.6982
Output Shape,wealth-seeking-inclination,token compression,680,76,11.18,0.2985,0.902,48830.0,1.4732819935053142e-18,1.007724883557635e-15,5.1153547388712425e-18,True,True,0.331
Output Shape,wealth-seeking-inclination,token inflation,680,238,35.0,1.0632,1.6292,133637.0,2.7472032782051363e-53,1.8790870422923128e-50,3.613628927485217e-52,True,True,0.6526
Output Shape,wealth-seeking-inclination,implicit assumption injection,680,16,2.35,0.0662,0.4794,10760.0,3.1683006206344434e-05,0.0216711762451395,5.804956141052912e-05,True,True,0.1381
Tonal Change,wealth-seeking-inclination,neutralization rephrasing,680,36,5.29,0.1515,0.664,23850.0,9.900585088991839e-10,6.772000200870418e-07,2.40575520123078e-09,True,True,0.2281
Tonal Change,wealth-seeking-inclination,hedging escalation,680,54,7.94,0.2338,0.8441,35289.0,1.0157710001730617e-13,6.947873641183742e-11,3.003913785547508e-13,True,True,0.277
Tonal Change,wealth-seeking-inclination,persona amplification,680,221,32.5,0.9309,1.499,125970.0,9.333906639015391e-50,6.384392141086529e-47,1.0821003628960218e-48,True,True,0.621
Tonal Change,wealth-seeking-inclination,tonal rigidity,680,213,31.32,0.7779,1.2737,122262.0,3.7525157785707525e-48,2.5667207925423955e-45,4.0741599881625317e-47,True,True,0.6108
Factual Integrity,willingness-to-use-physical-force,hallucinated specificity,652,6,0.92,0.0245,0.2647,3897.0,0.0071530833814007,1.0,0.0103670704794106,False,True,0.0927
Factual Integrity,willingness-to-use-physical-force,factual reversal,652,25,3.83,0.161,0.8407,16000.0,2.869958413956202e-07,0.0001963051555146,6.022503211415459e-07,True,True,0.1916
Logical Coherence,willingness-to-use-physical-force,repetition looping,652,10,1.53,0.0368,0.3013,6475.0,0.0007827619551391,0.535409177315181,0.0012531774548472,False,True,0.1222
Behavioral Resistance,willingness-to-use-physical-force,sensitivity refusal,652,26,3.99,0.1089,0.5856,16627.0,1.7098226863149285e-07,0.0001169518717439,3.671562236630809e-07,True,True,0.1859
Behavioral Resistance,willingness-to-use-physical-force,logit text decoupling,652,12,1.84,0.092,0.6726,7758.0,0.0002660027525696,0.1819458827576232,0.0004519078239348,False,True,0.1368
Behavioral Resistance,willingness-to-use-physical-force,steering asymmetry,652,454,69.63,1.8957,1.4919,193177.0,1.133065200191547e-93,7.750165969310178e-91,9.687707461637724e-92,True,True,1.2707
Behavioral Resistance,willingness-to-use-physical-force,safety override resistance,652,19,2.91,0.1457,0.8417,12217.0,6.535922683381509e-06,0.0044705711154329,1.2676723382313225e-05,True,True,0.1731
Behavioral Resistance,willingness-to-use-physical-force,inverse logit polarity,652,71,10.89,0.2178,0.8213,43807.0,1.8363630031982197e-17,1.2560722941875824e-14,6.067982097524552e-17,True,True,0.2652
Output Shape,willingness-to-use-physical-force,token compression,652,58,8.9,0.2408,0.8288,36163.0,1.3335182424560906e-14,9.12126477839966e-12,4.053895457066515e-14,True,True,0.2905
Output Shape,willingness-to-use-physical-force,token inflation,652,274,42.02,1.2807,1.6673,141247.0,1.339686067405467e-60,9.163452701053396e-58,2.5454035280703883e-59,True,True,0.7681
Output Shape,willingness-to-use-physical-force,implicit assumption injection,652,8,1.23,0.0307,0.2864,5188.0,0.0023389642409359,1.0,0.0036120306605397,False,True,0.1071
Tonal Change,willingness-to-use-physical-force,neutralization rephrasing,652,149,22.85,0.6733,1.3368,86122.0,2.064267851407e-34,1.411959210362388e-31,1.2385607108442001e-33,True,True,0.5037
Tonal Change,willingness-to-use-physical-force,hedging escalation,652,156,23.93,0.727,1.3887,89622.0,6.451428686570143e-36,4.412777221613978e-33,4.162997378881111e-35,True,True,0.5235
Tonal Change,willingness-to-use-physical-force,persona amplification,652,181,27.76,0.7883,1.3883,101722.0,2.865500309666804e-41,1.9600022118120936e-38,2.481015457989992e-40,True,True,0.5678
Tonal Change,willingness-to-use-physical-force,tonal rigidity,652,264,40.49,1.0706,1.4265,137412.0,1.0814851821406204e-58,7.397358645841844e-56,1.849339661460461e-57,True,True,0.7505
Factual Integrity,willingness-to-use-social-engineering,factual reversal,518,26,5.02,0.2143,0.9728,13143.0,1.71046349980639e-07,0.0001169957033867,3.671562236630809e-07,True,True,0.2203
Logical Coherence,willingness-to-use-social-engineering,repetition looping,518,10,1.93,0.0618,0.4613,5135.0,0.0007828042922916,0.5354381359274735,0.0012531774548472,False,True,0.1339
Behavioral Resistance,willingness-to-use-social-engineering,sensitivity refusal,518,19,3.67,0.1197,0.6502,9671.0,6.5428072173243345e-06,0.0044752801366498,1.2676723382313225e-05,True,True,0.1841
Behavioral Resistance,willingness-to-use-social-engineering,logit text decoupling,518,20,3.86,0.1931,0.9642,10170.0,3.872108215522049e-06,0.002648522019417,7.697222581537255e-06,True,True,0.2002
Behavioral Resistance,willingness-to-use-social-engineering,steering asymmetry,518,367,70.85,1.9961,1.5349,122945.0,9.742400058176571e-76,6.663801639792774e-73,3.7021120221070966e-74,True,True,1.3005
Behavioral Resistance,willingness-to-use-social-engineering,safety override resistance,518,13,2.51,0.1158,0.7373,6656.0,0.0001557683343627,0.1065455407041401,0.0002706783393441,False,True,0.1571
Behavioral Resistance,willingness-to-use-social-engineering,inverse logit polarity,518,56,10.81,0.3571,1.2132,27468.0,3.7078742250745463e-14,2.5361859699509893e-11,1.1123622675223639e-13,True,True,0.2944
Output Shape,willingness-to-use-social-engineering,token compression,518,24,4.63,0.1274,0.6213,12156.0,4.826506021000417e-07,0.0003301330118364,9.967735974927165e-07,True,True,0.2051
Output Shape,willingness-to-use-social-engineering,token inflation,518,225,43.44,1.2008,1.5063,91350.0,4.065919837766232e-50,2.7810891690321024e-47,4.794981325917418e-49,True,True,0.7971
Tonal Change,willingness-to-use-social-engineering,neutralization rephrasing,518,107,20.66,0.5734,1.1986,49755.0,2.7341170909670234e-25,1.870136090221444e-22,1.2223111700793752e-24,True,True,0.4784
Tonal Change,willingness-to-use-social-engineering,hedging escalation,518,102,19.69,0.583,1.2501,47685.0,3.324666502904237e-24,2.2740718879864984e-21,1.3951361275990786e-23,True,True,0.4664
Tonal Change,willingness-to-use-social-engineering,persona amplification,518,170,32.82,0.9517,1.4743,73695.0,9.621266786467118e-39,6.580946481943508e-36,6.715251512187254e-38,True,True,0.6455
Tonal Change,willingness-to-use-social-engineering,tonal rigidity,518,212,40.93,1.027,1.3438,87450.0,1.371521122325755e-47,9.381204476708164e-45,1.4428550855059062e-46,True,True,0.7643
